id,shares
0,1967
1,3325
2,3528
3,2595
4,3696
5,1790
6,2301
7,3456
8,2658
9,1899
10,3908
11,6639
12,5863
13,2343
14,987
15,3321
16,3373
17,2975
18,2439
19,1698
20,2263
21,2216
22,2875
23,3452
24,1568
25,525
26,4843
27,5753
28,3216
29,5138
30,2696
31,2280
32,6835
33,113
34,480
35,4878
36,1295
37,5098
38,7338
39,1642
40,2336
41,5192
42,4138
43,5838
44,8636
45,6200
46,4231
47,2085
48,2218
49,4406
50,719
51,4176
52,3258
53,2357
54,2519
55,5424
56,2661
57,2876
58,234
59,2191
60,2970
61,2766
62,2239
63,4357
64,3148
65,4357
66,3751
67,3841
68,7411
69,5079
70,1799
71,3671
72,3637
73,6688
74,6879
75,4727
76,1756
77,4929
78,2456
79,5028
80,3122
81,4695
82,4854
83,2433
84,4585
85,4708
86,2212
87,2626
88,3349
89,1027
90,7162
91,6060
92,5157
93,2005
94,4279
95,1449
96,9034
97,2792
98,5687
99,233
100,4085
101,3856
102,4356
103,1570
104,3012
105,2153
106,3336
107,4042
108,700
109,3650
110,2356
111,1764
112,4541
113,2452
114,3213
115,2436
116,1260
117,3223
118,2357
119,3670
120,9861
121,929
122,6004
123,2035
124,5798
125,3872
126,4882
127,3820
128,4460
129,2984
130,3626
131,1129
132,2464
133,5197
134,2330
135,4035
136,4084
137,3024
138,157
139,4364
140,4421
141,2526
142,5665
143,2627
144,2695
145,391
146,1569
147,3750
148,5215
149,3065
150,4682
151,6352
152,2755
153,1586
154,3090
155,1872
156,6059
157,3104
158,1687
159,4847
160,4402
161,3151
162,3861
163,3483
164,1100
165,1143
166,852
167,5632
168,3180
169,1879
170,1990
171,2086
172,1882
173,2140
174,1957
175,2179
176,3293
177,7417
178,2469
179,2999
180,5638
181,4274
182,2774
183,2124
184,2757
185,3734
186,3388
187,3439
188,5320
189,4444
190,2577
191,3094
192,5625
193,3609
194,4714
195,4117
196,3421
197,1670
198,1144
199,3155
200,895
201,2846
202,2323
203,7250
204,3231
205,2818
206,2356
207,2100
208,1950
209,6068
210,2821
211,2745
212,4822
213,3133
214,4636
215,1169
216,4448
217,4272
218,3205
219,2557
220,3153
221,5991
222,3847
223,2067
224,2613
225,3032
226,712
227,1939
228,4242
229,3477
230,8982
231,2838
232,3782
233,2751
234,2819
235,937
236,2897
237,1944
238,2091
239,2054
240,2033
241,1453
242,1225
243,1829
244,2479
245,6121
246,8763
247,2217
248,5082
249,6975
250,4765
251,2677
252,6949
253,5318
254,2414
255,2714
256,1183
257,3211
258,4901
259,2755
260,4019
261,2756
262,2399
263,4419
264,3989
265,8434
266,2765
267,3324
268,5324
269,2310
270,2168
271,4325
272,4173
273,3533
274,3718
275,2682
276,3530
277,4359
278,427
279,2278
280,3710
281,2769
282,3917
283,1166
284,3448
285,4456
286,2083
287,5837
288,5423
289,3924
290,970
291,2802
292,2630
293,3200
294,6162
295,8865
296,5993
297,2707
298,1847
299,3238
300,1419
301,5360
302,5152
303,2962
304,2731
305,1972
306,6545
307,4533
308,3891
309,3823
310,1849
311,6518
312,2830
313,802
314,6540
315,2697
316,5133
317,2312
318,2978
319,1630
320,10229
321,3902
322,5967
323,3226
324,6060
325,3752
326,5226
327,1655
328,2274
329,5291
330,3718
331,1987
332,6316
333,1480
334,1950
335,4360
336,3318
337,1876
338,2635
339,3013
340,5612
341,2745
342,3250
343,3595
344,2939
345,1545
346,672
347,5174
348,7100
349,2141
350,2055
351,4119
352,5893
353,1811
354,899
355,3579
356,1458
357,5247
358,2713
359,3139
360,2709
361,1591
362,1269
363,4774
364,2347
365,3254
366,2125
367,2177
368,1827
369,1275
370,3091
371,4334
372,2114
373,-744
374,4558
375,2674
376,4069
377,2140
378,1952
379,2438
380,3616
381,2957
382,3450
383,5252
384,2793
385,3329
386,5409
387,1348
388,7906
389,3590
390,1348
391,3036
392,2952
393,1130
394,3141
395,3313
396,2466
397,3462
398,4280
399,5744
400,8090
401,5493
402,2279
403,617
404,2546
405,6258
406,3418
407,3390
408,5075
409,4256
410,6319
411,5986
412,2034
413,6116
414,7888
415,1788
416,3337
417,4548
418,1693
419,1509
420,4094
421,5035
422,3680
423,4496
424,3386
425,3123
426,1567
427,1751
428,2934
429,2532
430,4963
431,4013
432,1401
433,2900
434,1199
435,3029
436,2234
437,3892
438,9271
439,1850
440,3651
441,501
442,5246
443,3621
444,4059
445,3346
446,2043
447,1892
448,3327
449,1483
450,2966
451,7336
452,1313
453,2821
454,2343
455,2710
456,4845
457,3354
458,3319
459,2119
460,6642
461,4069
462,2311
463,6268
464,2623
465,2957
466,2005
467,2975
468,3884
469,3313
470,2583
471,4516
472,1814
473,3928
474,1951
475,2200
476,4162
477,3967
478,3957
479,2237
480,2884
481,961
482,3560
483,4768
484,3510
485,1589
486,2707
487,2211
488,4733
489,1456
490,3346
491,3687
492,6093
493,2395
494,2460
495,2838
496,2663
497,3780
498,4695
499,2353
500,3028
501,5669
502,4022
503,5506
504,3762
505,2505
506,3419
507,3811
508,2432
509,4599
510,2207
511,3894
512,2824
513,4294
514,2273
515,869
516,4849
517,3976
518,6297
519,3566
520,2826
521,4906
522,6231
523,2033
524,2891
525,3763
526,1167
527,5970
528,1843
529,7710
530,2981
531,2377
532,4637
533,3355
534,3559
535,2770
536,2557
537,1960
538,5217
539,4560
540,4699
541,4639
542,4180
543,8643
544,2367
545,3109
546,3441
547,2478
548,4413
549,5201
550,3320
551,6756
552,4077
553,427
554,6988
555,3587
556,1295
557,2910
558,3127
559,179
560,6629
561,3599
562,3257
563,1212
564,5625
565,2740
566,2279
567,4144
568,4886
569,6324
570,1819
571,6025
572,6461
573,3391
574,3413
575,1407
576,2168
577,3474
578,1763
579,2509
580,2552
581,1205
582,4171
583,2635
584,2060
585,3331
586,2410
587,840
588,2789
589,4504
590,3519
591,3539
592,2197
593,4263
594,2988
595,1408
596,1191
597,3578
598,6061
599,254
600,4141
601,3082
602,1577
603,2479
604,2815
605,4011
606,629
607,3339
608,1809
609,3402
610,5508
611,3762
612,4307
613,1845
614,3813
615,969
616,2228
617,668
618,3210
619,3070
620,2967
621,2189
622,4571
623,5356
624,3632
625,2171
626,4017
627,2872
628,7070
629,2765
630,3813
631,5754
632,1215
633,3543
634,5611
635,4373
636,4657
637,3142
638,4818
639,3820
640,7522
641,3486
642,2800
643,1405
644,2524
645,1619
646,2343
647,5468
648,3560
649,3797
650,1220
651,3280
652,1773
653,-645
654,2435
655,3173
656,2168
657,1444
658,2243
659,7598
660,2400
661,5475
662,4498
663,5108
664,2680
665,5120
666,5466
667,4053
668,2409
669,1914
670,3891
671,3460
672,3846
673,1209
674,2831
675,3293
676,353
677,2306
678,897
679,5337
680,3982
681,1890
682,2433
683,-2268
684,2966
685,2881
686,1894
687,1347
688,3404
689,3329
690,4980
691,6575
692,2162
693,2510
694,4210
695,1404
696,1651
697,2295
698,2159
699,1804
700,2431
701,4927
702,2892
703,2884
704,1047
705,3104
706,1474
707,2156
708,1642
709,4566
710,1167
711,3148
712,3255
713,2252
714,3422
715,2352
716,3042
717,19
718,1774
719,6379
720,1950
721,2227
722,1673
723,2538
724,3561
725,5343
726,1394
727,5179
728,2012
729,4237
730,4857
731,1965
732,2122
733,3269
734,3896
735,3846
736,1625
737,3043
738,5541
739,3916
740,4892
741,2613
742,3869
743,4844
744,2535
745,2316
746,4938
747,1277
748,3544
749,2425
750,6645
751,4393
752,3003
753,1963
754,4104
755,3218
756,4149
757,2783
758,2644
759,648
760,6073
761,3623
762,5441
763,2990
764,5760
765,2837
766,914
767,1758
768,1978
769,3305
770,1389
771,2800
772,5884
773,6179
774,3633
775,-303
776,3816
777,1944
778,2884
779,3203
780,6076
781,2128
782,2483
783,3533
784,2482
785,3105
786,1782
787,5266
788,950
789,2397
790,2228
791,3685
792,2636
793,5932
794,2169
795,4421
796,1669
797,3228
798,2937
799,7025
800,3519
801,3103
802,1680
803,3185
804,6002
805,287
806,3986
807,5513
808,2227
809,1821
810,3513
811,3874
812,1861
813,3558
814,2655
815,2487
816,3577
817,3362
818,5958
819,7200
820,3338
821,1774
822,7996
823,1283
824,2407
825,3993
826,4046
827,3862
828,4303
829,2534
830,7819
831,1131
832,1708
833,2575
834,4849
835,5052
836,3298
837,1200
838,4303
839,2645
840,1986
841,2042
842,3604
843,1014
844,2154
845,7674
846,343
847,2031
848,5380
849,4978
850,3786
851,2769
852,4208
853,30567
854,1060
855,3011
856,1642
857,1264
858,1715
859,1663
860,1037
861,6618
862,3261
863,2479
864,1709
865,6776
866,1771
867,5051
868,2505
869,2592
870,2725
871,3497
872,2307
873,4570
874,6335
875,1418
876,1905
877,3993
878,5782
879,1020
880,4057
881,1646
882,2272
883,1629
884,1476
885,4555
886,3037
887,4567
888,3183
889,2853
890,2719
891,1757
892,1685
893,3945
894,1458
895,3080
896,5136
897,3316
898,1617
899,2683
900,4452
901,3086
902,2276
903,1034
904,2401
905,3385
906,15142
907,2603
908,5193
909,2762
910,2870
911,3893
912,3007
913,3106
914,4423
915,3811
916,6637
917,4880
918,1446
919,1723
920,1390
921,2134
922,7312
923,3598
924,4855
925,2293
926,1915
927,2811
928,612
929,2155
930,2953
931,1596
932,4975
933,3574
934,2773
935,4131
936,1526
937,6206
938,3068
939,7141
940,2017
941,4408
942,1270
943,5712
944,3841
945,3185
946,2807
947,3160
948,3894
949,3059
950,2115
951,2686
952,3295
953,6886
954,4181
955,4272
956,6487
957,4954
958,5604
959,3095
960,3843
961,2735
962,3405
963,4113
964,2305
965,2791
966,3982
967,2455
968,4433
969,6535
970,3462
971,4728
972,5614
973,3344
974,3534
975,3473
976,1265
977,3841
978,3314
979,5354
980,2389
981,3251
982,3174
983,2740
984,1189
985,8261
986,2895
987,2883
988,4505
989,3051
990,7882
991,6012
992,7046
993,5117
994,3483
995,4786
996,2237
997,979
998,1616
999,3164
1000,5714
1001,6644
1002,3453
1003,2285
1004,3810
1005,3176
1006,2219
1007,4069
1008,3875
1009,3871
1010,3298
1011,6508
1012,2391
1013,3531
1014,3933
1015,2725
1016,2580
1017,3259
1018,3797
1019,2998
1020,1507
1021,2903
1022,1523
1023,2381
1024,3593
1025,2814
1026,2307
1027,3136
1028,2619
1029,3755
1030,2894
1031,2736
1032,2624
1033,1098
1034,3027
1035,4752
1036,3030
1037,2271
1038,3162
1039,2051
1040,3046
1041,3807
1042,4523
1043,4274
1044,2601
1045,2911
1046,2700
1047,6199
1048,6940
1049,2905
1050,1116
1051,2172
1052,3079
1053,1613
1054,4389
1055,2672
1056,2456
1057,7426
1058,1417
1059,3208
1060,2278
1061,3217
1062,3324
1063,2460
1064,2533
1065,1960
1066,2737
1067,2176
1068,5723
1069,7563
1070,2783
1071,3384
1072,2755
1073,4769
1074,3741
1075,2278
1076,4090
1077,1686
1078,1414
1079,3382
1080,2479
1081,1549
1082,2722
1083,1915
1084,2315
1085,3103
1086,1153
1087,2929
1088,4196
1089,3036
1090,3448
1091,11341
1092,2454
1093,752
1094,4560
1095,4523
1096,5039
1097,10664
1098,2601
1099,3457
1100,3213
1101,4318
1102,3712
1103,6962
1104,3391
1105,2438
1106,2351
1107,1688
1108,2353
1109,5714
1110,1911
1111,4891
1112,1555
1113,769
1114,2561
1115,1261
1116,5141
1117,1668
1118,2717
1119,2635
1120,3553
1121,3901
1122,2068
1123,4047
1124,6899
1125,1655
1126,1315
1127,4163
1128,2371
1129,7354
1130,3166
1131,1760
1132,1714
1133,2517
1134,745
1135,1572
1136,2501
1137,1027
1138,996
1139,1582
1140,5507
1141,2109
1142,1607
1143,1829
1144,4354
1145,2171
1146,2631
1147,3196
1148,4796
1149,2046
1150,2500
1151,6201
1152,4925
1153,1245
1154,3812
1155,1617
1156,2179
1157,3512
1158,3728
1159,3794
1160,2789
1161,5728
1162,104
1163,6067
1164,3232
1165,4369
1166,5873
1167,1411
1168,4176
1169,1967
1170,5965
1171,4123
1172,3405
1173,1714
1174,2721
1175,2628
1176,3634
1177,2565
1178,6346
1179,2420
1180,1963
1181,1337
1182,7595
1183,6697
1184,3108
1185,2429
1186,2768
1187,4656
1188,3313
1189,3951
1190,2799
1191,2511
1192,2060
1193,4855
1194,4708
1195,5462
1196,3865
1197,1380
1198,4142
1199,6816
1200,2763
1201,2368
1202,6168
1203,1326
1204,3789
1205,1382
1206,1192
1207,2035
1208,1960
1209,2185
1210,3312
1211,8633
1212,5447
1213,1593
1214,3881
1215,2800
1216,3228
1217,4232
1218,2934
1219,1536
1220,2582
1221,1676
1222,3411
1223,3980
1224,1634
1225,4909
1226,6432
1227,2342
1228,2226
1229,2929
1230,707
1231,2451
1232,2876
1233,870
1234,1754
1235,9243
1236,3932
1237,8229
1238,1860
1239,6036
1240,1859
1241,3725
1242,2752
1243,2583
1244,2704
1245,5287
1246,2075
1247,6214
1248,4188
1249,659
1250,4148
1251,2955
1252,3550
1253,2940
1254,3061
1255,3412
1256,1972
1257,3940
1258,4131
1259,2150
1260,2142
1261,3023
1262,2937
1263,1680
1264,1577
1265,3620
1266,6478
1267,1098
1268,2243
1269,2497
1270,4434
1271,3573
1272,9687
1273,3491
1274,550
1275,1898
1276,1643
1277,2776
1278,8271
1279,4694
1280,3057
1281,3239
1282,-1
1283,3874
1284,4365
1285,1777
1286,482
1287,3997
1288,1962
1289,3172
1290,3883
1291,1121
1292,1727
1293,2643
1294,4350
1295,2530
1296,4337
1297,1215
1298,1667
1299,3193
1300,2825
1301,7666
1302,3829
1303,4228
1304,7934
1305,3060
1306,5492
1307,6315
1308,2230
1309,5722
1310,3529
1311,3416
1312,1080
1313,1093
1314,1928
1315,653
1316,3215
1317,1380
1318,-2418
1319,2402
1320,2469
1321,3451
1322,1919
1323,3423
1324,2751
1325,1702
1326,3032
1327,1740
1328,5354
1329,3083
1330,2741
1331,5821
1332,3298
1333,1964
1334,2747
1335,1902
1336,1224
1337,2698
1338,2377
1339,1260
1340,2305
1341,2692
1342,5641
1343,2168
1344,5549
1345,4500
1346,5533
1347,3806
1348,3558
1349,5217
1350,1580
1351,2751
1352,3142
1353,3451
1354,825
1355,3911
1356,4367
1357,2347
1358,1185
1359,1441
1360,4249
1361,2129
1362,2882
1363,1962
1364,3672
1365,4077
1366,1358
1367,-756
1368,3239
1369,5584
1370,4316
1371,4490
1372,4657
1373,2382
1374,2289
1375,3523
1376,-261
1377,5370
1378,4002
1379,6105
1380,2856
1381,7209
1382,4388
1383,4877
1384,1155
1385,226
1386,3914
1387,2688
1388,5041
1389,2558
1390,5909
1391,1834
1392,2817
1393,2226
1394,3560
1395,2876
1396,4305
1397,1216
1398,1596
1399,3534
1400,1473
1401,2468
1402,5863
1403,4136
1404,1304
1405,1396
1406,5596
1407,2133
1408,1211
1409,3031
1410,3408
1411,6065
1412,2709
1413,4705
1414,2567
1415,4143
1416,325
1417,4645
1418,4046
1419,3587
1420,1873
1421,2252
1422,506
1423,3014
1424,3441
1425,3336
1426,1899
1427,2724
1428,1881
1429,5577
1430,5483
1431,2050
1432,1485
1433,3538
1434,1471
1435,710
1436,1012
1437,9229
1438,3555
1439,3930
1440,1881
1441,2660
1442,1899
1443,1842
1444,738
1445,3295
1446,3373
1447,3527
1448,6559
1449,1435
1450,2639
1451,4359
1452,2104
1453,5651
1454,2255
1455,1558
1456,3741
1457,823
1458,2153
1459,2198
1460,1965
1461,801
1462,3053
1463,4201
1464,1745
1465,1372
1466,5854
1467,1950
1468,2264
1469,620
1470,3649
1471,474
1472,3239
1473,2737
1474,1131
1475,4391
1476,9198
1477,4976
1478,3306
1479,3286
1480,2765
1481,1328
1482,2783
1483,4612
1484,8445
1485,3973
1486,3761
1487,4080
1488,4208
1489,2173
1490,3672
1491,2403
1492,5738
1493,2830
1494,2189
1495,1963
1496,5614
1497,7057
1498,2343
1499,3836
1500,2189
1501,2224
1502,5017
1503,2838
1504,5102
1505,3840
1506,1419
1507,2023
1508,2640
1509,3508
1510,2549
1511,3580
1512,3339
1513,4167
1514,2393
1515,2269
1516,1981
1517,5322
1518,2757
1519,3441
1520,1414
1521,4122
1522,6467
1523,1392
1524,330
1525,2134
1526,3423
1527,2236
1528,3182
1529,1679
1530,3055
1531,7958
1532,2843
1533,902
1534,1772
1535,1413
1536,1510
1537,4730
1538,6230
1539,6596
1540,-620
1541,2731
1542,-887
1543,1355
1544,3355
1545,2253
1546,3217
1547,2091
1548,3024
1549,1069
1550,1139
1551,1857
1552,2834
1553,1497
1554,2331
1555,2162
1556,1739
1557,1393
1558,2432
1559,4139
1560,3681
1561,2198
1562,2426
1563,6560
1564,1528
1565,1915
1566,5537
1567,4258
1568,3399
1569,8014
1570,3345
1571,3054
1572,2767
1573,5294
1574,4538
1575,4180
1576,1568
1577,5730
1578,2869
1579,3519
1580,1753
1581,2572
1582,2996
1583,4059
1584,2624
1585,5146
1586,1869
1587,2790
1588,2242
1589,2040
1590,3361
1591,3606
1592,4669
1593,2262
1594,2799
1595,350
1596,24076
1597,3720
1598,2028
1599,3337
1600,1175
1601,4337
1602,-80
1603,3911
1604,3340
1605,2997
1606,2949
1607,3490
1608,3228
1609,859
1610,2969
1611,4849
1612,2102
1613,3435
1614,2633
1615,5186
1616,2274
1617,1912
1618,5792
1619,2902
1620,2862
1621,6379
1622,6422
1623,2400
1624,3424
1625,3968
1626,2349
1627,4118
1628,5107
1629,4550
1630,963
1631,2414
1632,3250
1633,1530
1634,1543
1635,4533
1636,2629
1637,2700
1638,3225
1639,2759
1640,1808
1641,2439
1642,5805
1643,3791
1644,3828
1645,5424
1646,3435
1647,3989
1648,3929
1649,3487
1650,1993
1651,2819
1652,4009
1653,1279
1654,4978
1655,2098
1656,3927
1657,1575
1658,4756
1659,6924
1660,3227
1661,3814
1662,2904
1663,4061
1664,2888
1665,1178
1666,3506
1667,3274
1668,433
1669,2044
1670,2495
1671,3529
1672,4305
1673,2041
1674,3158
1675,2385
1676,5578
1677,3489
1678,2157
1679,5817
1680,1161
1681,1854
1682,3030
1683,1239
1684,2612
1685,2874
1686,2999
1687,2482
1688,1797
1689,2238
1690,2853
1691,2211
1692,5348
1693,1735
1694,-211
1695,2245
1696,2641
1697,541
1698,2906
1699,115
1700,3151
1701,2597
1702,3496
1703,2994
1704,2243
1705,1755
1706,1457
1707,2772
1708,7125
1709,2752
1710,1743
1711,3116
1712,1501
1713,3212
1714,3026
1715,4137
1716,6816
1717,3646
1718,3739
1719,3364
1720,576
1721,2573
1722,4619
1723,3812
1724,3310
1725,7169
1726,2090
1727,2249
1728,4810
1729,2853
1730,3120
1731,1105
1732,2634
1733,4018
1734,3020
1735,5739
1736,3531
1737,2620
1738,5315
1739,1677
1740,757
1741,6656
1742,3104
1743,8948
1744,3895
1745,4019
1746,3688
1747,2947
1748,3589
1749,3470
1750,3064
1751,5335
1752,6023
1753,3152
1754,3891
1755,3282
1756,5582
1757,2753
1758,5960
1759,2906
1760,1772
1761,6158
1762,4102
1763,1397
1764,3810
1765,3910
1766,3528
1767,1847
1768,2423
1769,1150
1770,6930
1771,2698
1772,4383
1773,5395
1774,2992
1775,254
1776,-528
1777,2255
1778,3641
1779,2696
1780,1254
1781,3308
1782,5438
1783,2337
1784,4927
1785,3496
1786,2897
1787,975
1788,1404
1789,3156
1790,3478
1791,3679
1792,3441
1793,5010
1794,4219
1795,2138
1796,5285
1797,3246
1798,6338
1799,2828
1800,6259
1801,4492
1802,2202
1803,2462
1804,2771
1805,3522
1806,1454
1807,3146
1808,7700
1809,2237
1810,3606
1811,1396
1812,2130
1813,4155
1814,6942
1815,1030
1816,2295
1817,3579
1818,5591
1819,1413
1820,2641
1821,4385
1822,2848
1823,1537
1824,3822
1825,3245
1826,3623
1827,7367
1828,3702
1829,1963
1830,1928
1831,2579
1832,2993
1833,5023
1834,4929
1835,4189
1836,2260
1837,367
1838,5029
1839,2493
1840,4397
1841,3798
1842,6418
1843,3595
1844,2772
1845,3291
1846,2484
1847,3288
1848,1526
1849,3697
1850,3524
1851,1737
1852,7249
1853,2250
1854,3788
1855,3910
1856,4096
1857,16235
1858,6885
1859,4984
1860,2844
1861,4532
1862,2133
1863,7376
1864,7506
1865,2158
1866,1213
1867,4876
1868,2591
1869,4136
1870,5372
1871,2889
1872,3007
1873,2386
1874,2317
1875,3889
1876,4331
1877,1464
1878,1959
1879,3443
1880,2700
1881,444
1882,1190
1883,3764
1884,5976
1885,2681
1886,2796
1887,1717
1888,2611
1889,3149
1890,3027
1891,4467
1892,2735
1893,2516
1894,2156
1895,3262
1896,3268
1897,2742
1898,4402
1899,8515
1900,2199
1901,3087
1902,2422
1903,1054
1904,2385
1905,3372
1906,4745
1907,2463
1908,4154
1909,2986
1910,2668
1911,5649
1912,2011
1913,6149
1914,3026
1915,3123
1916,1010
1917,4628
1918,1082
1919,2651
1920,2627
1921,1967
1922,1621
1923,2292
1924,5375
1925,1008
1926,2000
1927,7431
1928,717
1929,5605
1930,2761
1931,2306
1932,2478
1933,2954
1934,1177
1935,2350
1936,1652
1937,1585
1938,3909
1939,1269
1940,1266
1941,1672
1942,3253
1943,1563
1944,3129
1945,2067
1946,1728
1947,1502
1948,3322
1949,5913
1950,3612
1951,1706
1952,6816
1953,3398
1954,2564
1955,4182
1956,1742
1957,2722
1958,2358
1959,678
1960,2523
1961,994
1962,1436
1963,2949
1964,4165
1965,4123
1966,5225
1967,4771
1968,1795
1969,2050
1970,1282
1971,2869
1972,3532
1973,3635
1974,1701
1975,1916
1976,4674
1977,4244
1978,3302
1979,2709
1980,2615
1981,3551
1982,4878
1983,551
1984,3435
1985,632
1986,2014
1987,6040
1988,2462
1989,2586
1990,3051
1991,1985
1992,2496
1993,1880
1994,6421
1995,1866
1996,2911
1997,2626
1998,1670
1999,2304
2000,2059
2001,5434
2002,6073
2003,445
2004,595
2005,1971
2006,3370
2007,3197
2008,2714
2009,762
2010,2002
2011,4029
2012,3440
2013,2759
2014,4675
2015,2845
2016,4374
2017,6776
2018,7074
2019,3845
2020,1385
2021,4776
2022,1865
2023,1151
2024,1592
2025,5346
2026,4282
2027,1390
2028,3002
2029,2159
2030,2639
2031,2521
2032,2382
2033,1887
2034,3503
2035,3537
2036,1463
2037,2411
2038,1211
2039,4901
2040,4045
2041,2460
2042,2733
2043,4558
2044,2649
2045,4334
2046,3566
2047,5339
2048,3012
2049,6909
2050,2081
2051,3523
2052,1490
2053,2715
2054,3820
2055,5264
2056,1896
2057,2515
2058,1846
2059,3623
2060,3007
2061,3329
2062,1986
2063,3842
2064,2429
2065,4508
2066,3106
2067,2914
2068,3354
2069,4564
2070,2466
2071,1971
2072,5139
2073,2051
2074,2941
2075,2010
2076,4375
2077,1069
2078,4354
2079,782
2080,2105
2081,280
2082,2430
2083,3160
2084,3217
2085,1977
2086,2876
2087,3706
2088,1326
2089,2844
2090,884
2091,3716
2092,4693
2093,4939
2094,2146
2095,1178
2096,2549
2097,2076
2098,4791
2099,2597
2100,4432
2101,2751
2102,3786
2103,862
2104,3892
2105,1647
2106,4807
2107,2653
2108,1941
2109,463
2110,1335
2111,924
2112,2428
2113,8912
2114,3931
2115,3622
2116,3364
2117,-74
2118,3524
2119,2499
2120,4500
2121,3413
2122,5075
2123,2764
2124,2296
2125,2573
2126,5106
2127,1205
2128,7175
2129,6950
2130,1000
2131,6426
2132,2432
2133,1191
2134,2989
2135,2025
2136,2330
2137,1224
2138,2109
2139,4115
2140,9666
2141,2780
2142,4678
2143,1292
2144,4249
2145,4473
2146,4594
2147,20542
2148,3946
2149,2215
2150,1435
2151,2596
2152,1667
2153,358
2154,2132
2155,2072
2156,5475
2157,1357
2158,3659
2159,5970
2160,5750
2161,1494
2162,3773
2163,5191
2164,2506
2165,4899
2166,3665
2167,3987
2168,1532
2169,1662
2170,5049
2171,2711
2172,2551
2173,5872
2174,1973
2175,382
2176,6576
2177,2223
2178,2331
2179,1805
2180,169
2181,1712
2182,2214
2183,2425
2184,4202
2185,2653
2186,4953
2187,2714
2188,2631
2189,2096
2190,2711
2191,3181
2192,2286
2193,2005
2194,5425
2195,8629
2196,1734
2197,2174
2198,2114
2199,2679
2200,4486
2201,1618
2202,8273
2203,2468
2204,3049
2205,4622
2206,4395
2207,2019
2208,2364
2209,2663
2210,3700
2211,2517
2212,2499
2213,2200
2214,2834
2215,6953
2216,2839
2217,1473
2218,4074
2219,1911
2220,5597
2221,1291
2222,4725
2223,785
2224,9912
2225,2076
2226,2703
2227,4628
2228,12971
2229,2356
2230,1955
2231,2508
2232,3639
2233,5384
2234,2312
2235,1096
2236,4248
2237,6946
2238,7199
2239,10151
2240,2947
2241,2749
2242,1573
2243,2337
2244,3442
2245,3609
2246,3664
2247,3974
2248,2662
2249,1206
2250,4757
2251,2872
2252,1627
2253,1945
2254,2795
2255,3131
2256,657
2257,1840
2258,2282
2259,2201
2260,1368
2261,1883
2262,4459
2263,6286
2264,3367
2265,2057
2266,2922
2267,2583
2268,1929
2269,2129
2270,2083
2271,8447
2272,1572
2273,5274
2274,832
2275,3035
2276,3839
2277,4967
2278,4282
2279,4201
2280,7078
2281,997
2282,1641
2283,1006
2284,5314
2285,4507
2286,3171
2287,6870
2288,1072
2289,341
2290,1353
2291,1919
2292,1421
2293,4718
2294,3993
2295,3767
2296,2140
2297,3086
2298,3232
2299,5200
2300,2810
2301,660
2302,2229
2303,4716
2304,1392
2305,5267
2306,5442
2307,1848
2308,1350
2309,4676
2310,4842
2311,1944
2312,3355
2313,1986
2314,2449
2315,2026
2316,2442
2317,4650
2318,3667
2319,2049
2320,1901
2321,556
2322,4898
2323,3571
2324,5898
2325,5273
2326,3603
2327,621
2328,1164
2329,5698
2330,1387
2331,1937
2332,5485
2333,1064
2334,2473
2335,3688
2336,2706
2337,5117
2338,2820
2339,1036
2340,2334
2341,1374
2342,5534
2343,1941
2344,4738
2345,2705
2346,1623
2347,4272
2348,6990
2349,6072
2350,6043
2351,4388
2352,4525
2353,2844
2354,7320
2355,1233
2356,1486
2357,2206
2358,1223
2359,9002
2360,3001
2361,3670
2362,2142
2363,2069
2364,3662
2365,2435
2366,4219
2367,2704
2368,2837
2369,2810
2370,3555
2371,2019
2372,5828
2373,2207
2374,3174
2375,-62
2376,3064
2377,3332
2378,6184
2379,2962
2380,2888
2381,3137
2382,1915
2383,663
2384,4063
2385,3521
2386,2628
2387,1321
2388,889
2389,1275
2390,779
2391,4486
2392,2044
2393,4291
2394,3264
2395,1927
2396,4833
2397,2851
2398,2494
2399,5204
2400,3607
2401,5977
2402,1988
2403,1409
2404,3490
2405,3899
2406,2666
2407,1702
2408,5667
2409,2561
2410,2604
2411,3832
2412,762
2413,1816
2414,2741
2415,1460
2416,2297
2417,3403
2418,2697
2419,1355
2420,7141
2421,3157
2422,907
2423,2958
2424,2172
2425,1210
2426,2869
2427,768
2428,1575
2429,1947
2430,3152
2431,5267
2432,5825
2433,3594
2434,4192
2435,3272
2436,4654
2437,3552
2438,3092
2439,829
2440,2083
2441,4414
2442,2502
2443,2192
2444,2966
2445,1809
2446,5078
2447,516
2448,3148
2449,2574
2450,3387
2451,3582
2452,3871
2453,2616
2454,2464
2455,6247
2456,1199
2457,1533
2458,4306
2459,4374
2460,2902
2461,3031
2462,2425
2463,3670
2464,1597
2465,938
2466,2474
2467,4147
2468,3774
2469,3104
2470,2752
2471,4758
2472,2416
2473,1611
2474,1555
2475,1393
2476,3826
2477,1430
2478,2147
2479,2008
2480,3258
2481,774
2482,5756
2483,4361
2484,-603
2485,4845
2486,5785
2487,4332
2488,3718
2489,2630
2490,2651
2491,4416
2492,7870
2493,4534
2494,2978
2495,1331
2496,2725
2497,1214
2498,3778
2499,4616
2500,4111
2501,2603
2502,2659
2503,1567
2504,2849
2505,7838
2506,3570
2507,5722
2508,2536
2509,4502
2510,5595
2511,3790
2512,3524
2513,2627
2514,10790
2515,1727
2516,3589
2517,2420
2518,2107
2519,1583
2520,8952
2521,2185
2522,1767
2523,2479
2524,2705
2525,3132
2526,4427
2527,3442
2528,2040
2529,2560
2530,1634
2531,2918
2532,1063
2533,3654
2534,2619
2535,3019
2536,4997
2537,3020
2538,3968
2539,1617
2540,2972
2541,3264
2542,2470
2543,2453
2544,1135
2545,3349
2546,2241
2547,3781
2548,2424
2549,1848
2550,7655
2551,3891
2552,1641
2553,1530
2554,1920
2555,3065
2556,5603
2557,2989
2558,2610
2559,5379
2560,1186
2561,3062
2562,2525
2563,4388
2564,4169
2565,4278
2566,1546
2567,2925
2568,2543
2569,733
2570,2803
2571,5762
2572,3033
2573,1907
2574,2953
2575,1981
2576,2432
2577,6309
2578,4461
2579,3231
2580,2608
2581,4281
2582,1580
2583,2216
2584,8019
2585,2861
2586,3302
2587,1945
2588,2633
2589,1581
2590,1823
2591,4241
2592,5233
2593,1883
2594,3212
2595,2635
2596,945
2597,5974
2598,1485
2599,2561
2600,3079
2601,1863
2602,2584
2603,2700
2604,2855
2605,2203
2606,4670
2607,4820
2608,1879
2609,2263
2610,8065
2611,7881
2612,2422
2613,3128
2614,1714
2615,2525
2616,3215
2617,1903
2618,3217
2619,8161
2620,2498
2621,5223
2622,2710
2623,3300
2624,6001
2625,2964
2626,1720
2627,5325
2628,1862
2629,2566
2630,1902
2631,3008
2632,7515
2633,4490
2634,4109
2635,3205
2636,4723
2637,1734
2638,2868
2639,1022
2640,3732
2641,3729
2642,4725
2643,3797
2644,2371
2645,2925
2646,2050
2647,1767
2648,3594
2649,1862
2650,4246
2651,4414
2652,6504
2653,4443
2654,7553
2655,4202
2656,3992
2657,7031
2658,2439
2659,4027
2660,155
2661,4757
2662,3178
2663,2335
2664,3796
2665,3025
2666,1802
2667,3425
2668,3151
2669,5387
2670,2497
2671,2897
2672,7626
2673,2733
2674,2695
2675,2626
2676,4096
2677,3106
2678,3472
2679,1032
2680,2834
2681,2449
2682,1658
2683,3091
2684,2592
2685,2180
2686,1499
2687,3181
2688,2785
2689,6145
2690,2843
2691,2556
2692,3132
2693,3791
2694,3490
2695,4518
2696,3738
2697,3010
2698,1975
2699,4146
2700,1833
2701,2623
2702,2596
2703,2451
2704,3528
2705,3709
2706,3575
2707,1891
2708,3466
2709,3439
2710,3758
2711,3776
2712,1971
2713,2872
2714,1627
2715,1788
2716,1850
2717,2621
2718,1831
2719,2768
2720,2549
2721,2008
2722,158
2723,5372
2724,3981
2725,8211
2726,857
2727,2734
2728,3181
2729,3780
2730,3916
2731,1860
2732,4351
2733,2980
2734,3456
2735,2688
2736,4016
2737,2673
2738,4919
2739,2266
2740,2833
2741,682
2742,3510
2743,4556
2744,3432
2745,1642
2746,2007
2747,4409
2748,1583
2749,3526
2750,3246
2751,7457
2752,2141
2753,1666
2754,6739
2755,5463
2756,3653
2757,2657
2758,3675
2759,2184
2760,1637
2761,5505
2762,3074
2763,2384
2764,3364
2765,1157
2766,7406
2767,1591
2768,1608
2769,3783
2770,2595
2771,5490
2772,5167
2773,2656
2774,4139
2775,6198
2776,-270
2777,1819
2778,2841
2779,2476
2780,2880
2781,6516
2782,3061
2783,1171
2784,3272
2785,5320
2786,2073
2787,1998
2788,5357
2789,3209
2790,6782
2791,999
2792,2499
2793,2510
2794,2364
2795,3540
2796,3712
2797,3243
2798,2770
2799,2262
2800,5400
2801,4259
2802,2836
2803,758
2804,3211
2805,2485
2806,2836
2807,1122
2808,2136
2809,2240
2810,3453
2811,1213
2812,2199
2813,3117
2814,2958
2815,4684
2816,842
2817,6015
2818,4228
2819,929
2820,3861
2821,2612
2822,1714
2823,2333
2824,4306
2825,1021
2826,2622
2827,3106
2828,1975
2829,7232
2830,3833
2831,1919
2832,3356
2833,2766
2834,6051
2835,3921
2836,3130
2837,4987
2838,3771
2839,2286
2840,4770
2841,1386
2842,6733
2843,1999
2844,3906
2845,2594
2846,1048
2847,4347
2848,2444
2849,2179
2850,3155
2851,2077
2852,2030
2853,3853
2854,1255
2855,2171
2856,2167
2857,5010
2858,1999
2859,3215
2860,5672
2861,3312
2862,2816
2863,3303
2864,3745
2865,1563
2866,2474
2867,2336
2868,3670
2869,4646
2870,2287
2871,3079
2872,7180
2873,3546
2874,4670
2875,4097
2876,2072
2877,3133
2878,7013
2879,3222
2880,2641
2881,4350
2882,4323
2883,3513
2884,2221
2885,2585
2886,3882
2887,1413
2888,4587
2889,2372
2890,3037
2891,2112
2892,591
2893,1882
2894,1956
2895,2709
2896,4509
2897,3567
2898,1805
2899,2262
2900,5108
2901,1499
2902,4542
2903,2212
2904,4262
2905,3063
2906,3470
2907,5033
2908,2536
2909,3743
2910,2115
2911,3358
2912,2547
2913,685
2914,2779
2915,438
2916,1115
2917,5821
2918,2560
2919,1504
2920,2085
2921,3228
2922,3347
2923,2172
2924,3534
2925,6119
2926,1407
2927,2312
2928,1955
2929,2208
2930,3839
2931,3770
2932,3640
2933,8653
2934,3476
2935,1835
2936,4154
2937,1249
2938,3827
2939,15321
2940,3665
2941,1812
2942,2505
2943,4375
2944,7181
2945,2657
2946,2529
2947,4879
2948,3279
2949,5218
2950,5457
2951,6343
2952,4717
2953,3389
2954,2760
2955,2499
2956,2368
2957,2197
2958,3920
2959,1566
2960,2248
2961,598
2962,3638
2963,3723
2964,1366
2965,1640
2966,1632
2967,2158
2968,2932
2969,3937
2970,6244
2971,8156
2972,2883
2973,1763
2974,1226
2975,3260
2976,3967
2977,3268
2978,1407
2979,2311
2980,2144
2981,3561
2982,4676
2983,202
2984,2756
2985,1860
2986,1770
2987,2935
2988,927
2989,2413
2990,1298
2991,2769
2992,2808
2993,3101
2994,2416
2995,4407
2996,769
2997,5947
2998,3692
2999,2952
3000,965
3001,2753
3002,4238
3003,2079
3004,1750
3005,2761
3006,4118
3007,3086
3008,3002
3009,993
3010,1789
3011,2222
3012,5154
3013,2957
3014,2818
3015,3794
3016,1990
3017,1479
3018,9338
3019,5074
3020,1178
3021,4740
3022,4221
3023,2582
3024,5638
3025,6520
3026,1372
3027,2754
3028,1593
3029,4244
3030,1807
3031,6948
3032,5529
3033,1310
3034,1754
3035,1884
3036,1915
3037,2137
3038,5101
3039,25854
3040,6166
3041,506
3042,2702
3043,2250
3044,4672
3045,4398
3046,2010
3047,8770
3048,2347
3049,2551
3050,6646
3051,429
3052,2413
3053,3873
3054,3402
3055,3199
3056,1681
3057,-857
3058,2798
3059,4775
3060,-229
3061,1782
3062,1156
3063,6834
3064,4107
3065,2451
3066,3566
3067,2805
3068,2540
3069,2886
3070,4243
3071,1594
3072,2705
3073,2966
3074,2789
3075,2166
3076,2053
3077,1761
3078,1802
3079,1446
3080,2890
3081,2345
3082,2350
3083,1991
3084,3275
3085,3382
3086,7076
3087,2815
3088,5930
3089,6182
3090,1650
3091,3291
3092,5172
3093,2786
3094,4607
3095,2398
3096,2319
3097,1915
3098,4688
3099,1545
3100,1715
3101,3496
3102,2359
3103,2322
3104,3227
3105,1348
3106,4979
3107,2761
3108,3244
3109,2915
3110,1888
3111,1103
3112,3213
3113,3550
3114,1652
3115,3645
3116,1116
3117,3558
3118,4389
3119,2987
3120,2274
3121,1117
3122,2993
3123,3797
3124,3283
3125,1426
3126,4771
3127,3756
3128,3048
3129,4913
3130,1707
3131,2186
3132,7586
3133,328
3134,7091
3135,4958
3136,4622
3137,1282
3138,2955
3139,3634
3140,7274
3141,257
3142,3102
3143,1681
3144,1187
3145,4478
3146,2622
3147,4396
3148,1658
3149,1605
3150,4567
3151,3395
3152,4467
3153,2001
3154,5113
3155,2237
3156,2827
3157,4536
3158,4706
3159,1955
3160,4737
3161,4249
3162,1912
3163,1763
3164,2178
3165,2854
3166,2774
3167,2248
3168,363
3169,1644
3170,7470
3171,3657
3172,4017
3173,1829
3174,2472
3175,3249
3176,2930
3177,2008
3178,3342
3179,4058
3180,2380
3181,4017
3182,2551
3183,6572
3184,2263
3185,2070
3186,4847
3187,2731
3188,2809
3189,4407
3190,3969
3191,1146
3192,2202
3193,1644
3194,4660
3195,2938
3196,1176
3197,1140
3198,3400
3199,1763
3200,1779
3201,4853
3202,689
3203,2697
3204,1813
3205,4425
3206,3507
3207,1672
3208,3743
3209,1343
3210,1797
3211,3437
3212,2138
3213,5486
3214,2832
3215,3471
3216,2674
3217,4106
3218,2698
3219,-80
3220,3541
3221,2629
3222,2689
3223,2948
3224,2661
3225,2171
3226,3158
3227,5228
3228,3812
3229,1349
3230,2432
3231,5175
3232,3710
3233,2321
3234,2642
3235,2168
3236,3676
3237,6213
3238,2484
3239,3677
3240,4615
3241,3618
3242,2359
3243,1915
3244,4469
3245,4895
3246,3697
3247,3549
3248,2673
3249,3965
3250,2392
3251,4122
3252,349
3253,-70
3254,1878
3255,1824
3256,228
3257,1410
3258,3340
3259,3789
3260,993
3261,3067
3262,1824
3263,2237
3264,800
3265,2932
3266,1975
3267,2493
3268,4783
3269,2246
3270,4282
3271,1149
3272,3169
3273,1607
3274,2032
3275,3539
3276,1887
3277,3857
3278,3035
3279,2611
3280,480
3281,2057
3282,3770
3283,4357
3284,2598
3285,2459
3286,4026
3287,1924
3288,3145
3289,6363
3290,2925
3291,4429
3292,5186
3293,2602
3294,7986
3295,2439
3296,3479
3297,900
3298,6575
3299,-723
3300,1920
3301,2886
3302,1253
3303,3728
3304,3171
3305,2339
3306,4913
3307,4110
3308,1289
3309,2862
3310,2039
3311,5129
3312,766
3313,2701
3314,1822
3315,1459
3316,1413
3317,6316
3318,5506
3319,10067
3320,6674
3321,2359
3322,2622
3323,5123
3324,3030
3325,1539
3326,1832
3327,2975
3328,3719
3329,2761
3330,3569
3331,3715
3332,1617
3333,6662
3334,2529
3335,3955
3336,1188
3337,2435
3338,3614
3339,3368
3340,528
3341,2042
3342,3360
3343,1588
3344,2391
3345,2344
3346,3842
3347,3918
3348,1499
3349,1583
3350,6798
3351,5177
3352,4614
3353,7460
3354,2730
3355,2205
3356,6676
3357,4242
3358,7219
3359,2601
3360,1925
3361,1278
3362,16010
3363,3399
3364,4229
3365,6645
3366,1717
3367,2797
3368,6744
3369,2113
3370,258
3371,5348
3372,3064
3373,4764
3374,4897
3375,2933
3376,3974
3377,1822
3378,1993
3379,6718
3380,3572
3381,3406
3382,3828
3383,2236
3384,2746
3385,2692
3386,6088
3387,6273
3388,2790
3389,3127
3390,3453
3391,4775
3392,5924
3393,2538
3394,6150
3395,-141
3396,1827
3397,5914
3398,1801
3399,2546
3400,5536
3401,1577
3402,1652
3403,646
3404,3602
3405,3613
3406,2641
3407,2933
3408,2603
3409,2034
3410,4085
3411,3193
3412,2989
3413,3260
3414,3620
3415,3121
3416,3577
3417,2509
3418,2879
3419,2456
3420,3123
3421,872
3422,3781
3423,1019
3424,3445
3425,5882
3426,1864
3427,2150
3428,3480
3429,6434
3430,5082
3431,7326
3432,2821
3433,2739
3434,2403
3435,3410
3436,1352
3437,4110
3438,1904
3439,2476
3440,4618
3441,1780
3442,3912
3443,3470
3444,4664
3445,2800
3446,2018
3447,2683
3448,3691
3449,2926
3450,3571
3451,3012
3452,2562
3453,5274
3454,3886
3455,2996
3456,4228
3457,2906
3458,3744
3459,3248
3460,378
3461,2181
3462,5970
3463,4277
3464,1983
3465,1891
3466,2062
3467,2752
3468,2738
3469,2641
3470,4636
3471,4221
3472,62
3473,339
3474,2199
3475,1640
3476,5100
3477,5864
3478,3486
3479,2988
3480,2937
3481,4166
3482,857
3483,791
3484,5582
3485,3770
3486,3238
3487,2257
3488,1492
3489,3469
3490,3927
3491,4757
3492,2725
3493,3674
3494,8655
3495,2232
3496,-789
3497,7172
3498,4998
3499,6908
3500,2292
3501,1769
3502,3548
3503,6931
3504,5129
3505,2255
3506,1889
3507,1091
3508,3407
3509,2402
3510,2344
3511,689
3512,2473
3513,34640
3514,1850
3515,2078
3516,5756
3517,2618
3518,1059
3519,3147
3520,2614
3521,5162
3522,1891
3523,2925
3524,1971
3525,1536
3526,2567
3527,1911
3528,3751
3529,5216
3530,2779
3531,2167
3532,6714
3533,2716
3534,4304
3535,4103
3536,1581
3537,4293
3538,4667
3539,6373
3540,2599
3541,2481
3542,2149
3543,3504
3544,3529
3545,1123
3546,3747
3547,1906
3548,2048
3549,2194
3550,4177
3551,3259
3552,2833
3553,2113
3554,5496
3555,2311
3556,2483
3557,4412
3558,4230
3559,3787
3560,2742
3561,3365
3562,1308
3563,25
3564,2171
3565,757
3566,4957
3567,3237
3568,6410
3569,4179
3570,6843
3571,6404
3572,1733
3573,2754
3574,3624
3575,7378
3576,5496
3577,3953
3578,5352
3579,1685
3580,3158
3581,2039
3582,4376
3583,1714
3584,2670
3585,2325
3586,1499
3587,2550
3588,1808
3589,832
3590,5755
3591,7492
3592,858
3593,1709
3594,805
3595,4683
3596,2065
3597,3597
3598,3165
3599,4258
3600,2093
3601,1825
3602,4346
3603,9609
3604,1622
3605,1238
3606,971
3607,5835
3608,3913
3609,4441
3610,2126
3611,515
3612,6786
3613,1562
3614,2223
3615,6260
3616,2371
3617,3903
3618,1816
3619,3186
3620,3071
3621,2590
3622,4216
3623,4650
3624,1413
3625,6089
3626,2847
3627,3079
3628,3977
3629,3529
3630,4301
3631,1637
3632,2665
3633,2061
3634,5199
3635,4436
3636,1321
3637,3351
3638,1861
3639,10061
3640,1022
3641,5969
3642,1709
3643,3846
3644,3366
3645,6232
3646,1424
3647,5088
3648,2111
3649,1817
3650,1913
3651,6787
3652,2020
3653,3135
3654,8994
3655,768
3656,2534
3657,4343
3658,2113
3659,3062
3660,1108
3661,2394
3662,2734
3663,2279
3664,5364
3665,4401
3666,4731
3667,2617
3668,1470
3669,2646
3670,1863
3671,1614
3672,1754
3673,1877
3674,2575
3675,3789
3676,6340
3677,4902
3678,4320
3679,6360
3680,5294
3681,2425
3682,11974
3683,5670
3684,4157
3685,1336
3686,5847
3687,4549
3688,3224
3689,1587
3690,3544
3691,4956
3692,3639
3693,1596
3694,1119
3695,5786
3696,1983
3697,5535
3698,2502
3699,1443
3700,2769
3701,540
3702,1870
3703,985
3704,2157
3705,4668
3706,3143
3707,6463
3708,1575
3709,2373
3710,2463
3711,6019
3712,2813
3713,2640
3714,4150
3715,6814
3716,2350
3717,1510
3718,2419
3719,723
3720,1972
3721,1200
3722,3188
3723,6283
3724,4547
3725,2904
3726,2833
3727,3331
3728,997
3729,3205
3730,1918
3731,2271
3732,4526
3733,4392
3734,9051
3735,2700
3736,2830
3737,3557
3738,3651
3739,-908
3740,1716
3741,3503
3742,1349
3743,6334
3744,2118
3745,4437
3746,2966
3747,3011
3748,2910
3749,3326
3750,1985
3751,3335
3752,5006
3753,3773
3754,1313
3755,1198
3756,4645
3757,4240
3758,3586
3759,2061
3760,5765
3761,2791
3762,1930
3763,1576
3764,8563
3765,2689
3766,3573
3767,2170
3768,2128
3769,1955
3770,2220
3771,2195
3772,3396
3773,7007
3774,7139
3775,979
3776,1750
3777,3589
3778,3155
3779,4266
3780,4796
3781,3277
3782,2418
3783,2786
3784,3822
3785,6213
3786,3946
3787,1326
3788,2696
3789,3013
3790,3274
3791,3467
3792,5319
3793,1529
3794,2901
3795,2498
3796,1735
3797,2488
3798,3159
3799,4234
3800,2835
3801,2425
3802,237
3803,10014
3804,1965
3805,2953
3806,3328
3807,3465
3808,4012
3809,4633
3810,3832
3811,2770
3812,1728
3813,2852
3814,1421
3815,10384
3816,2700
3817,8916
3818,3323
3819,4131
3820,2194
3821,5094
3822,4341
3823,6491
3824,2689
3825,2384
3826,5635
3827,1508
3828,5179
3829,2277
3830,3109
3831,3136
3832,2960
3833,1498
3834,3829
3835,5005
3836,806
3837,3864
3838,1554
3839,2792
3840,2494
3841,4241
3842,6291
3843,3440
3844,1383
3845,1723
3846,1895
3847,3119
3848,2239
3849,4596
3850,3558
3851,2347
3852,5912
3853,3874
3854,2097
3855,1290
3856,3838
3857,5913
3858,2467
3859,2939
3860,9735
3861,6928
3862,1013
3863,4655
3864,3738
3865,1236
3866,1408
3867,2453
3868,1683
3869,3269
3870,924
3871,2746
3872,2912
3873,1696
3874,5626
3875,2078
3876,2283
3877,6882
3878,2143
3879,3350
3880,3683
3881,3445
3882,2799
3883,7217
3884,5202
3885,3752
3886,4506
3887,1942
3888,6161
3889,4860
3890,-196
3891,3064
3892,3036
3893,2640
3894,1251
3895,4844
3896,3271
3897,3326
3898,4365
3899,6420
3900,4533
3901,3400
3902,2361
3903,3405
3904,6279
3905,3406
3906,2873
3907,2130
3908,6084
3909,3385
3910,2906
3911,7215
3912,3100
3913,3825
3914,2024
3915,3280
3916,5356
3917,6068
3918,3919
3919,1588
3920,4325
3921,3712
3922,2796
3923,910
3924,4217
3925,2541
3926,3344
3927,546
3928,5176
3929,6762
3930,4456
3931,2643
3932,1048
3933,2101
3934,3319
3935,408
3936,3415
3937,1894
3938,3946
3939,2020
3940,4522
3941,2909
3942,2465
3943,1720
3944,-144
3945,4749
3946,1415
3947,2081
3948,428
3949,2095
3950,1850
3951,3148
3952,3220
3953,3419
3954,5516
3955,2648
3956,3513
3957,1987
3958,5530
3959,6623
3960,1204
3961,3581
3962,1941
3963,1051
3964,1792
3965,3509
3966,2115
3967,3887
3968,2041
3969,7121
3970,3238
3971,5064
3972,5160
3973,2879
3974,3966
3975,2738
3976,6575
3977,2584
3978,2637
3979,38386
3980,1823
3981,5723
3982,3227
3983,3005
3984,2775
3985,1202
3986,3188
3987,2995
3988,516
3989,6400
3990,2976
3991,6557
3992,2228
3993,2910
3994,7426
3995,3101
3996,1520
3997,4353
3998,2768
3999,3874
4000,1944
4001,4108
4002,553
4003,4945
4004,736
4005,6054
4006,2956
4007,2932
4008,2422
4009,3270
4010,1860
4011,3501
4012,5196
4013,2187
4014,5630
4015,2328
4016,2323
4017,2998
4018,871
4019,1994
4020,6622
4021,2772
4022,1253
4023,4318
4024,2381
4025,7502
4026,886
4027,663
4028,3565
4029,668
4030,3970
4031,3237
4032,2024
4033,1585
4034,5143
4035,2555
4036,2940
4037,2338
4038,4792
4039,6734
4040,3647
4041,2703
4042,1950
4043,5910
4044,1560
4045,2098
4046,5573
4047,3733
4048,16382
4049,3128
4050,2341
4051,1744
4052,1127
4053,1929
4054,5955
4055,2470
4056,3239
4057,1116
4058,2658
4059,7980
4060,3320
4061,2615
4062,4124
4063,4006
4064,4896
4065,1580
4066,3607
4067,1249
4068,6913
4069,3160
4070,5593
4071,3473
4072,4262
4073,7432
4074,3010
4075,6283
4076,4455
4077,2149
4078,2607
4079,2568
4080,4367
4081,1594
4082,2213
4083,2826
4084,3401
4085,4145
4086,2966
4087,2951
4088,2035
4089,4538
4090,2181
4091,873
4092,7555
4093,3028
4094,2533
4095,6191
4096,2720
4097,1746
4098,2371
4099,4898
4100,1326
4101,2960
4102,3935
4103,4169
4104,2482
4105,2016
4106,7317
4107,4839
4108,4379
4109,2173
4110,1854
4111,1377
4112,2466
4113,1698
4114,331
4115,2892
4116,1862
4117,3506
4118,2339
4119,5987
4120,3898
4121,2083
4122,2672
4123,1195
4124,3300
4125,2567
4126,2302
4127,2445
4128,2013
4129,3352
4130,4297
4131,2118
4132,651
4133,3520
4134,1862
4135,-1069
4136,4266
4137,4039
4138,3210
4139,1929
4140,5566
4141,1724
4142,5694
4143,2965
4144,2043
4145,3903
4146,3173
4147,2607
4148,743
4149,2935
4150,262
4151,4546
4152,5447
4153,1824
4154,2705
4155,2070
4156,4216
4157,2463
4158,5370
4159,2032
4160,3162
4161,3187
4162,2191
4163,5950
4164,3139
4165,5367
4166,2405
4167,2495
4168,7156
4169,903
4170,1199
4171,5846
4172,1533
4173,1628
4174,2280
4175,4633
4176,1798
4177,3169
4178,2357
4179,3989
4180,1314
4181,3231
4182,4727
4183,4003
4184,624
4185,820
4186,647
4187,2625
4188,5163
4189,1903
4190,9199
4191,3243
4192,656
4193,2958
4194,1518
4195,2829
4196,3291
4197,4234
4198,2050
4199,4566
4200,2420
4201,1103
4202,2436
4203,2632
4204,2349
4205,1685
4206,6760
4207,2701
4208,2134
4209,3308
4210,2782
4211,2760
4212,3080
4213,1138
4214,1675
4215,3141
4216,6056
4217,6996
4218,1068
4219,1996
4220,3233
4221,1590
4222,3378
4223,1377
4224,7751
4225,3958
4226,763
4227,4515
4228,1250
4229,3367
4230,5177
4231,3889
4232,3122
4233,2869
4234,5207
4235,7030
4236,2299
4237,3238
4238,2980
4239,3441
4240,2514
4241,2003
4242,1709
4243,1689
4244,1796
4245,3691
4246,6456
4247,4175
4248,5125
4249,4440
4250,2280
4251,3171
4252,1454
4253,5050
4254,3376
4255,1043
4256,1895
4257,2427
4258,4777
4259,-321
4260,3049
4261,-275
4262,1197
4263,2848
4264,1518
4265,1278
4266,3775
4267,1499
4268,7315
4269,2878
4270,1340
4271,4301
4272,4850
4273,2200
4274,2678
4275,899
4276,2613
4277,3657
4278,3285
4279,5297
4280,2692
4281,5717
4282,3806
4283,-42
4284,1631
4285,3523
4286,262
4287,6026
4288,782
4289,794
4290,2476
4291,4318
4292,-682
4293,2541
4294,5012
4295,2158
4296,2807
4297,5740
4298,2245
4299,4137
4300,3294
4301,8099
4302,3703
4303,2928
4304,2496
4305,3666
4306,3547
4307,1642
4308,4716
4309,793
4310,3430
4311,6155
4312,2504
4313,10897
4314,1694
4315,1534
4316,2906
4317,7647
4318,2537
4319,2614
4320,2500
4321,1886
4322,3020
4323,3910
4324,4249
4325,1967
4326,6332
4327,1939
4328,1349
4329,2991
4330,2673
4331,2761
4332,3725
4333,3238
4334,3374
4335,2901
4336,1151
4337,-274
4338,4133
4339,628
4340,4726
4341,3712
4342,5199
4343,2989
4344,2084
4345,2580
4346,2962
4347,8828
4348,5766
4349,2785
4350,2803
4351,3310
4352,1568
4353,3229
4354,6811
4355,3266
4356,1521
4357,3814
4358,414
4359,5024
4360,1747
4361,2602
4362,5294
4363,1846
4364,1477
4365,3340
4366,2642
4367,2211
4368,3669
4369,3566
4370,1661
4371,4379
4372,7881
4373,1484
4374,5037
4375,6075
4376,5718
4377,2584
4378,2688
4379,4677
4380,3602
4381,3290
4382,8875
4383,3580
4384,2637
4385,5023
4386,2837
4387,3489
4388,5718
4389,2332
4390,2563
4391,1447
4392,2422
4393,5261
4394,3654
4395,2091
4396,1524
4397,4203
4398,1265
4399,4178
4400,3376
4401,7203
4402,1583
4403,1743
4404,3183
4405,903
4406,3006
4407,2169
4408,4481
4409,5323
4410,2742
4411,2173
4412,2001
4413,970
4414,5513
4415,1579
4416,91
4417,6359
4418,2505
4419,1881
4420,5745
4421,2035
4422,7766
4423,5514
4424,2469
4425,951
4426,2967
4427,3507
4428,2188
4429,5255
4430,2574
4431,3681
4432,1699
4433,6608
4434,3229
4435,3621
4436,5815
4437,4377
4438,834
4439,3943
4440,2671
4441,4841
4442,9880
4443,2556
4444,3969
4445,2879
4446,3327
4447,2052
4448,2975
4449,5178
4450,2342
4451,6314
4452,1366
4453,4847
4454,2008
4455,4299
4456,2744
4457,2920
4458,3807
4459,4659
4460,5006
4461,1979
4462,2854
4463,407
4464,2582
4465,3294
4466,2075
4467,3145
4468,2990
4469,7067
4470,2992
4471,-24
4472,2746
4473,7128
4474,2675
4475,3825
4476,1130
4477,3271
4478,1370
4479,4638
4480,2641
4481,3863
4482,5254
4483,1526
4484,2447
4485,2135
4486,423
4487,3320
4488,1487
4489,2281
4490,5246
4491,1036
4492,5986
4493,4107
4494,3334
4495,7154
4496,2364
4497,3605
4498,1823
4499,4203
4500,421
4501,4159
4502,7979
4503,3551
4504,7374
4505,3121
4506,5986
4507,4892
4508,458
4509,3326
4510,4891
4511,279
4512,3176
4513,2910
4514,3341
4515,2308
4516,1750
4517,1278
4518,3137
4519,3846
4520,4646
4521,2577
4522,4852
4523,2028
4524,1150
4525,2630
4526,2699
4527,4626
4528,7239
4529,2550
4530,2856
4531,2731
4532,5410
4533,1844
4534,2674
4535,5825
4536,3396
4537,7328
4538,2755
4539,1782
4540,4380
4541,2587
4542,5258
4543,2467
4544,8748
4545,7652
4546,3651
4547,3900
4548,17094
4549,6632
4550,2349
4551,5626
4552,4753
4553,2204
4554,5569
4555,2534
4556,3984
4557,2106
4558,1101
4559,2615
4560,3527
4561,406
4562,2677
4563,5274
4564,4846
4565,5440
4566,2768
4567,1402
4568,1642
4569,6195
4570,1653
4571,3368
4572,2947
4573,5504
4574,3845
4575,2917
4576,3381
4577,4432
4578,2130
4579,2368
4580,2934
4581,186
4582,1912
4583,3319
4584,2713
4585,2761
4586,2482
4587,3688
4588,2775
4589,5835
4590,3284
4591,4569
4592,5520
4593,5400
4594,3758
4595,2771
4596,3151
4597,1797
4598,2884
4599,2088
4600,2687
4601,7048
4602,3933
4603,5045
4604,3299
4605,3692
4606,8288
4607,8435
4608,8898
4609,2891
4610,5116
4611,4405
4612,5625
4613,5675
4614,3149
4615,5773
4616,4256
4617,1065
4618,2881
4619,2619
4620,5853
4621,879
4622,8627
4623,1617
4624,2715
4625,1118
4626,2295
4627,3522
4628,1794
4629,5273
4630,2697
4631,7544
4632,1999
4633,2267
4634,2827
4635,3993
4636,3319
4637,3154
4638,3095
4639,1633
4640,5131
4641,5270
4642,3077
4643,4226
4644,6904
4645,2915
4646,4006
4647,1614
4648,7796
4649,2401
4650,5065
4651,2205
4652,2853
4653,4813
4654,3922
4655,3093
4656,4923
4657,3906
4658,6076
4659,3628
4660,3305
4661,2116
4662,2678
4663,1477
4664,2618
4665,3615
4666,2973
4667,2395
4668,6163
4669,1910
4670,4349
4671,2297
4672,2822
4673,2359
4674,6569
4675,3594
4676,3072
4677,2606
4678,3204
4679,7979
4680,3685
4681,1752
4682,4505
4683,2540
4684,-490
4685,3856
4686,3865
4687,3633
4688,2677
4689,1627
4690,2685
4691,4935
4692,1036
4693,5483
4694,3799
4695,1177
4696,4045
4697,3117
4698,4024
4699,3204
4700,3646
4701,1279
4702,4472
4703,2078
4704,2623
4705,3847
4706,7621
4707,3117
4708,5180
4709,2301
4710,1845
4711,3657
4712,9703
4713,2511
4714,3899
4715,5325
4716,3600
4717,1365
4718,2767
4719,7264
4720,799
4721,2613
4722,4961
4723,1777
4724,2787
4725,6011
4726,2583
4727,1883
4728,2486
4729,3139
4730,2871
4731,1896
4732,2637
4733,2535
4734,4964
4735,6424
4736,1349
4737,721
4738,1414
4739,2682
4740,2039
4741,1111
4742,2235
4743,1776
4744,3930
4745,1894
4746,6679
4747,3354
4748,-213
4749,721
4750,3703
4751,2660
4752,3854
4753,3049
4754,3184
4755,2876
4756,3208
4757,1467
4758,1733
4759,3516
4760,2387
4761,8463
4762,2039
4763,885
4764,4521
4765,2631
4766,4591
4767,6523
4768,3002
4769,5219
4770,285
4771,8429
4772,2094
4773,1098
4774,3911
4775,2085
4776,1028
4777,4252
4778,2473
4779,2536
4780,1644
4781,5405
4782,2231
4783,8692
4784,1770
4785,2521
4786,6320
4787,2661
4788,1303
4789,5306
4790,2424
4791,2985
4792,2773
4793,-872
4794,4750
4795,2273
4796,2947
4797,3865
4798,2757
4799,-398
4800,2437
4801,1940
4802,1163
4803,4917
4804,1970
4805,6952
4806,4310
4807,2282
4808,9835
4809,1998
4810,2793
4811,2740
4812,2490
4813,5626
4814,1867
4815,4780
4816,2292
4817,2188
4818,1661
4819,2740
4820,3808
4821,3460
4822,2840
4823,4117
4824,4001
4825,3815
4826,6108
4827,4609
4828,1921
4829,2118
4830,7680
4831,3525
4832,2000
4833,3252
4834,4341
4835,1549
4836,1987
4837,1473
4838,2320
4839,5799
4840,2803
4841,2877
4842,3240
4843,4056
4844,2711
4845,2242
4846,4142
4847,1984
4848,1943
4849,4568
4850,4244
4851,4909
4852,2749
4853,3410
4854,2547
4855,2665
4856,850
4857,1431
4858,2233
4859,6239
4860,5208
4861,2083
4862,3855
4863,2190
4864,3360
4865,988
4866,3243
4867,3255
4868,3640
4869,3741
4870,3551
4871,872
4872,7895
4873,2547
4874,1942
4875,3153
4876,1579
4877,3374
4878,1579
4879,1942
4880,2664
4881,2654
4882,3377
4883,2571
4884,2350
4885,3904
4886,1827
4887,1557
4888,5666
4889,2339
4890,2253
4891,3737
4892,2514
4893,1495
4894,2262
4895,2406
4896,3177
4897,5329
4898,4276
4899,1010
4900,1873
4901,1989
4902,1625
4903,2058
4904,1671
4905,8142
4906,8036
4907,1618
4908,3180
4909,1658
4910,5223
4911,4791
4912,1037
4913,2886
4914,2019
4915,2497
4916,1979
4917,1948
4918,922
4919,3192
4920,6262
4921,8688
4922,2771
4923,4023
4924,1647
4925,-214
4926,2952
4927,3620
4928,3139
4929,3505
4930,2226
4931,3891
4932,4097
4933,2867
4934,1917
4935,1514
4936,7907
4937,3304
4938,1639
4939,1362
4940,4802
4941,734
4942,1907
4943,3535
4944,1414
4945,2832
4946,5825
4947,1623
4948,2882
4949,5439
4950,5212
4951,2832
4952,2713
4953,2049
4954,2057
4955,1357
4956,3725
4957,8700
4958,1135
4959,3040
4960,1922
4961,4056
4962,1483
4963,95
4964,721
4965,1625
4966,1561
4967,2046
4968,3247
4969,3852
4970,3609
4971,2391
4972,4026
4973,3160
4974,4221
4975,6777
4976,2175
4977,3519
4978,3881
4979,2653
4980,5335
4981,2790
4982,1514
4983,7324
4984,2413
4985,1915
4986,2062
4987,3801
4988,2800
4989,2628
4990,2877
4991,2646
4992,2961
4993,2866
4994,3544
4995,-457
4996,5194
4997,204
4998,488
4999,2259
5000,1924
5001,2278
5002,3262
5003,4070
5004,1718
5005,7270
5006,1517
5007,1534
5008,2095
5009,2113
5010,7842
5011,3090
5012,3691
5013,1769
5014,4633
5015,6596
5016,6229
5017,1883
5018,5916
5019,1820
5020,3162
5021,3701
5022,3183
5023,1517
5024,7454
5025,3482
5026,3873
5027,2509
5028,4314
5029,2498
5030,2149
5031,1691
5032,7280
5033,19740
5034,1760
5035,2572
5036,5495
5037,4068
5038,1261
5039,1278
5040,2551
5041,3374
5042,3324
5043,2075
5044,4787
5045,6098
5046,2049
5047,1183
5048,2942
5049,10287
5050,4338
5051,5868
5052,1748
5053,2042
5054,6411
5055,2808
5056,3893
5057,4722
5058,1633
5059,3472
5060,4074
5061,1551
5062,6499
5063,3812
5064,3172
5065,3147
5066,2449
5067,2561
5068,2933
5069,5096
5070,3746
5071,5280
5072,2220
5073,671
5074,4390
5075,2370
5076,2156
5077,5137
5078,4266
5079,2692
5080,4341
5081,2417
5082,1824
5083,1500
5084,4433
5085,2387
5086,6352
5087,3379
5088,4792
5089,3872
5090,3231
5091,2788
5092,5929
5093,2666
5094,1322
5095,2593
5096,3142
5097,1871
5098,5425
5099,2969
5100,6167
5101,7025
5102,2463
5103,3748
5104,4805
5105,4623
5106,2680
5107,7446
5108,4396
5109,2388
5110,7481
5111,2174
5112,4355
5113,3108
5114,3300
5115,3918
5116,4301
5117,2813
5118,2892
5119,3048
5120,5070
5121,2328
5122,7327
5123,1621
5124,2045
5125,2543
5126,979
5127,3301
5128,8871
5129,4083
5130,8396
5131,2447
5132,2429
5133,3924
5134,3699
5135,452
5136,3026
5137,2171
5138,1795
5139,5202
5140,7233
5141,7592
5142,7247
5143,2510
5144,1970
5145,6467
5146,8387
5147,2156
5148,4091
5149,2477
5150,2266
5151,4706
5152,1437
5153,6275
5154,2588
5155,2737
5156,2608
5157,2490
5158,4288
5159,3566
5160,3785
5161,1052
5162,385
5163,1997
5164,4213
5165,3558
5166,5693
5167,2833
5168,2629
5169,1504
5170,4921
5171,5553
5172,2356
5173,3191
5174,2999
5175,2552
5176,3348
5177,-126
5178,2465
5179,3233
5180,5536
5181,4613
5182,3968
5183,4233
5184,1435
5185,1508
5186,7750
5187,1366
5188,3488
5189,2365
5190,2676
5191,1861
5192,2796
5193,978
5194,1885
5195,3121
5196,2014
5197,3546
5198,1977
5199,960
5200,2494
5201,9059
5202,3198
5203,2004
5204,1489
5205,1696
5206,2512
5207,3837
5208,2979
5209,4278
5210,1881
5211,4301
5212,1148
5213,2016
5214,3836
5215,994
5216,2651
5217,7615
5218,2548
5219,3355
5220,4061
5221,6303
5222,1586
5223,3219
5224,2107
5225,2531
5226,2822
5227,2462
5228,3340
5229,2471
5230,543
5231,4948
5232,2856
5233,1705
5234,4602
5235,2632
5236,5233
5237,2631
5238,3480
5239,2224
5240,3853
5241,2749
5242,2741
5243,1625
5244,4784
5245,3356
5246,2027
5247,3629
5248,3301
5249,4134
5250,1564
5251,3569
5252,4150
5253,2504
5254,4672
5255,1281
5256,3487
5257,3110
5258,1908
5259,3311
5260,4191
5261,4029
5262,1377
5263,5661
5264,5328
5265,3942
5266,3550
5267,4875
5268,2559
5269,2390
5270,3704
5271,1354
5272,2892
5273,3369
5274,1551
5275,1523
5276,3719
5277,5979
5278,4712
5279,3303
5280,5776
5281,-664
5282,1745
5283,4449
5284,6195
5285,2428
5286,3293
5287,6045
5288,3199
5289,4750
5290,1201
5291,2160
5292,2843
5293,2675
5294,1527
5295,3341
5296,3886
5297,2480
5298,6664
5299,5876
5300,3078
5301,2112
5302,6670
5303,1263
5304,1401
5305,3891
5306,1577
5307,5433
5308,1227
5309,2924
5310,3205
5311,3454
5312,2532
5313,2123
5314,6360
5315,4680
5316,4088
5317,5064
5318,6410
5319,3950
5320,3809
5321,2976
5322,2497
5323,2096
5324,2326
5325,4218
5326,5368
5327,3005
5328,3073
5329,2560
5330,3046
5331,3262
5332,5655
5333,1452
5334,2048
5335,2605
5336,1209
5337,8311
5338,5426
5339,1088
5340,3029
5341,1475
5342,1871
5343,5923
5344,2948
5345,1539
5346,4475
5347,6707
5348,2830
5349,6052
5350,1258
5351,6781
5352,3870
5353,7511
5354,3404
5355,1904
5356,6847
5357,2120
5358,2345
5359,967
5360,2379
5361,5213
5362,2503
5363,4148
5364,2721
5365,3792
5366,2652
5367,3059
5368,2765
5369,3145
5370,3313
5371,2341
5372,3628
5373,3893
5374,4414
5375,3398
5376,1795
5377,3153
5378,527
5379,5176
5380,1944
5381,2447
5382,2422
5383,1558
5384,2432
5385,3120
5386,3576
5387,2580
5388,5862
5389,3209
5390,3679
5391,3140
5392,2821
5393,5340
5394,3806
5395,1240
5396,3944
5397,2067
5398,1627
5399,2318
5400,3308
5401,3842
5402,2404
5403,7220
5404,3897
5405,4251
5406,2513
5407,3423
5408,5016
5409,1822
5410,2834
5411,2407
5412,2728
5413,7781
5414,3997
5415,3747
5416,4556
5417,3840
5418,1832
5419,8593
5420,474
5421,4111
5422,6548
5423,1679
5424,3843
5425,1847
5426,5674
5427,2578
5428,2455
5429,6025
5430,7416
5431,1675
5432,4590
5433,2739
5434,2263
5435,3488
5436,2015
5437,2645
5438,609
5439,2672
5440,6381
5441,1110
5442,2997
5443,2842
5444,5094
5445,3782
5446,3014
5447,2044
5448,2379
5449,1573
5450,1688
5451,5265
5452,4732
5453,2397
5454,5509
5455,3486
5456,2366
5457,5246
5458,8274
5459,5145
5460,1281
5461,1262
5462,1457
5463,4289
5464,3594
5465,1479
5466,5911
5467,1053
5468,920
5469,3301
5470,2610
5471,3255
5472,4998
5473,2510
5474,4178
5475,3579
5476,3557
5477,2240
5478,2334
5479,1182
5480,6175
5481,5818
5482,3397
5483,1326
5484,549
5485,2783
5486,1033
5487,3343
5488,1753
5489,905
5490,2078
5491,1785
5492,3629
5493,2340
5494,2696
5495,1733
5496,3577
5497,1086
5498,3082
5499,3359
5500,2467
5501,2067
5502,1417
5503,3754
5504,2676
5505,3253
5506,2585
5507,3511
5508,8704
5509,2957
5510,1702
5511,2216
5512,5922
5513,2258
5514,3541
5515,3964
5516,686
5517,5752
5518,1948
5519,2956
5520,8140
5521,3897
5522,734
5523,3510
5524,5660
5525,2285
5526,4990
5527,4918
5528,4155
5529,3701
5530,3735
5531,3272
5532,4052
5533,2499
5534,6772
5535,3318
5536,3334
5537,469
5538,1786
5539,4500
5540,2720
5541,4169
5542,7152
5543,3598
5544,6369
5545,2746
5546,2531
5547,2306
5548,3130
5549,4127
5550,2573
5551,1109
5552,2649
5553,2226
5554,3229
5555,3770
5556,3186
5557,4801
5558,1928
5559,4330
5560,3032
5561,2621
5562,2189
5563,9484
5564,2210
5565,6834
5566,1870
5567,4859
5568,2348
5569,2965
5570,1758
5571,3902
5572,3196
5573,308
5574,2156
5575,7552
5576,3947
5577,4312
5578,3835
5579,971
5580,2005
5581,2192
5582,3212
5583,6136
5584,4303
5585,1475
5586,1475
5587,712
5588,3045
5589,1518
5590,8748
5591,1663
5592,2813
5593,8403
5594,3028
5595,1302
5596,2259
5597,2640
5598,2439
5599,3935
5600,4773
5601,2042
5602,2011
5603,1362
5604,1787
5605,3400
5606,2626
5607,1378
5608,2728
5609,7190
5610,7940
5611,2985
5612,2475
5613,6534
5614,2140
5615,3041
5616,2198
5617,4747
5618,2121
5619,3177
5620,919
5621,4872
5622,7546
5623,2383
5624,2738
5625,2449
5626,2375
5627,1934
5628,4546
5629,7134
5630,3503
5631,3678
5632,2670
5633,5652
5634,2493
5635,3855
5636,2812
5637,1873
5638,3272
5639,2717
5640,2667
5641,3960
5642,2046
5643,2542
5644,9793
5645,2881
5646,1432
5647,2603
5648,131
5649,3506
5650,2496
5651,2163
5652,2441
5653,1246
5654,3125
5655,2160
5656,4833
5657,6458
5658,2887
5659,3313
5660,4204
5661,2303
5662,1261
5663,3148
5664,1597
5665,3661
5666,2545
5667,2569
5668,2658
5669,3619
5670,3092
5671,1892
5672,5189
5673,3253
5674,6458
5675,1750
5676,5193
5677,7050
5678,4312
5679,4263
5680,6851
5681,4534
5682,3051
5683,5184
5684,1179
5685,2350
5686,4345
5687,126
5688,1666
5689,2695
5690,3615
5691,2180
5692,3241
5693,3308
5694,3753
5695,3254
5696,4158
5697,2360
5698,2015
5699,4200
5700,2277
5701,6270
5702,3157
5703,1892
5704,3074
5705,3071
5706,2710
5707,1779
5708,1779
5709,3214
5710,7516
5711,7423
5712,2840
5713,792
5714,2255
5715,4076
5716,6470
5717,3975
5718,1972
5719,845
5720,1640
5721,2720
5722,1285
5723,8283
5724,2398
5725,7584
5726,3790
5727,7558
5728,1679
5729,4337
5730,3483
5731,3779
5732,564
5733,2520
5734,2948
5735,2590
5736,933
5737,1445
5738,2711
5739,2128
5740,3082
5741,1051
5742,3524
5743,4322
5744,3880
5745,8951
5746,4382
5747,4043
5748,2235
5749,1262
5750,2354
5751,1971
5752,2316
5753,4292
5754,3891
5755,6788
5756,2736
5757,4512
5758,1725
5759,1462
5760,1136
5761,1962
5762,1851
5763,3356
5764,2085
5765,2256
5766,3462
5767,2307
5768,6660
5769,4319
5770,5991
5771,6481
5772,2833
5773,3748
5774,5919
5775,2274
5776,2654
5777,3341
5778,2926
5779,3324
5780,4292
5781,7371
5782,2575
5783,1982
5784,3217
5785,3065
5786,3270
5787,2028
5788,4444
5789,2423
5790,3061
5791,3154
5792,3846
5793,2032
5794,4525
5795,3039
5796,4577
5797,3982
5798,3285
5799,2826
5800,4753
5801,2365
5802,4158
5803,6311
5804,3985
5805,5143
5806,4038
5807,2244
5808,2179
5809,979
5810,2198
5811,3142
5812,2026
5813,5013
5814,4526
5815,1075
5816,2032
5817,6252
5818,1659
5819,3977
5820,3219
5821,4435
5822,1514
5823,3023
5824,7154
5825,3074
5826,5193
5827,2451
5828,2550
5829,2961
5830,1145
5831,1715
5832,2074
5833,3754
5834,5038
5835,2832
5836,5656
5837,2546
5838,2249
5839,2659
5840,932
5841,2499
5842,3691
5843,4385
5844,3387
5845,3879
5846,747
5847,2341
5848,6501
5849,3909
5850,4264
5851,1379
5852,5807
5853,2525
5854,2964
5855,7488
5856,2791
5857,4019
5858,3603
5859,2113
5860,1770
5861,3261
5862,2426
5863,2957
5864,2628
5865,2594
5866,1929
5867,3806
5868,3282
5869,3645
5870,2875
5871,3842
5872,6205
5873,3261
5874,1875
5875,3425
5876,2886
5877,1325
5878,3750
5879,2631
5880,5397
5881,2366
5882,1809
5883,2317
5884,241
5885,5199
5886,3026
5887,1028
5888,2337
5889,2855
5890,2964
5891,3710
5892,1385
5893,3519
5894,3532
5895,2328
5896,5356
5897,3026
5898,2872
5899,3540
5900,2819
5901,2594
5902,8127
5903,988
5904,3692
5905,5740
5906,1623
5907,2844
5908,1304
5909,2371
5910,2707
5911,3550
5912,8715
5913,2772
5914,2701
5915,2112
5916,3320
5917,1891
5918,3434
5919,1608
5920,1721
5921,4328
5922,2114
5923,3729
5924,4000
5925,3555
5926,4000
5927,7477
5928,2738
5929,3340
5930,3859
5931,3370
5932,2493
5933,1194
5934,2079
5935,2760
5936,2590
5937,3158
5938,4634
5939,1899
5940,3391
5941,1950
5942,4125
5943,4409
5944,6385
5945,7130
5946,2466
5947,1563
5948,339
5949,2446
5950,4392
5951,2044
5952,2409
5953,3931
5954,6855
5955,3150
5956,3788
5957,4946
5958,6473
5959,1918
5960,2780
5961,2452
5962,2598
5963,1557
5964,5858
5965,2463
5966,2193
5967,3754
5968,2358
5969,1733
5970,1587
5971,3258
5972,13650
5973,5437
5974,3221
5975,2522
5976,2202
5977,2217
5978,4039
5979,7242
5980,1402
5981,2515
5982,3216
5983,2973
5984,2923
5985,4078
5986,4746
5987,3032
5988,3905
5989,1942
5990,1876
5991,2128
5992,3547
5993,1164
5994,502
5995,2693
5996,4012
5997,4173
5998,1930
5999,1512
6000,1402
6001,3657
6002,1800
6003,4214
6004,3205
6005,1696
6006,2875
6007,3283
6008,2682
6009,1637
6010,2183
6011,5120
6012,2668
6013,3626
6014,1280
6015,6703
6016,3087
6017,2923
6018,2116
6019,3194
6020,3053
6021,3321
6022,2633
6023,2575
6024,2750
6025,4017
6026,2097
6027,3403
6028,9122
6029,2464
6030,4808
6031,2709
6032,4483
6033,2489
6034,1957
6035,4572
6036,2177
6037,6133
6038,3389
6039,1782
6040,3968
6041,1152
6042,2165
6043,3313
6044,1934
6045,2100
6046,2684
6047,1531
6048,3430
6049,4544
6050,3595
6051,3301
6052,977
6053,3812
6054,1880
6055,4361
6056,3659
6057,3428
6058,2416
6059,3561
6060,3616
6061,3448
6062,2278
6063,2549
6064,2685
6065,1918
6066,1051
6067,4046
6068,4779
6069,2099
6070,4038
6071,-166
6072,3318
6073,3654
6074,958
6075,1895
6076,4300
6077,2308
6078,3763
6079,4822
6080,6775
6081,3317
6082,3217
6083,2406
6084,2874
6085,645
6086,4550
6087,3083
6088,7053
6089,1055
6090,2522
6091,4668
6092,6184
6093,3589
6094,3382
6095,2459
6096,2793
6097,3263
6098,4579
6099,5608
6100,5068
6101,2112
6102,3149
6103,2222
6104,1495
6105,1781
6106,2502
6107,3222
6108,4313
6109,5142
6110,2512
6111,2451
6112,1741
6113,1019
6114,4148
6115,3580
6116,5378
6117,1993
6118,4836
6119,4109
6120,1952
6121,2878
6122,4062
6123,3920
6124,5956
6125,5440
6126,1527
6127,3006
6128,1654
6129,2782
6130,2833
6131,2840
6132,1866
6133,3391
6134,2870
6135,5773
6136,2033
6137,4770
6138,6376
6139,2876
6140,4545
6141,1819
6142,2875
6143,6432
6144,2269
6145,70
6146,2358
6147,3222
6148,3377
6149,6988
6150,4669
6151,4345
6152,2814
6153,4221
6154,3766
6155,2892
6156,-34
6157,2796
6158,3781
6159,3251
6160,2205
6161,2157
6162,4703
6163,3088
6164,1516
6165,2796
6166,4385
6167,3926
6168,1912
6169,473
6170,6329
6171,1394
6172,6522
6173,2159
6174,2020
6175,3219
6176,2793
6177,2509
6178,1973
6179,6672
6180,2641
6181,2103
6182,3471
6183,1883
6184,3341
6185,3883
6186,1026
6187,2701
6188,4324
6189,3083
6190,3999
6191,3464
6192,-53
6193,6250
6194,1861
6195,2237
6196,5103
6197,2732
6198,3636
6199,2570
6200,3759
6201,2440
6202,1987
6203,1633
6204,2185
6205,2424
6206,1272
6207,2161
6208,3881
6209,3791
6210,4198
6211,2449
6212,2471
6213,4135
6214,366
6215,3160
6216,4017
6217,5587
6218,3516
6219,2382
6220,3276
6221,1431
6222,3669
6223,1879
6224,2860
6225,2619
6226,2196
6227,793
6228,2742
6229,2536
6230,7148
6231,4947
6232,4053
6233,2090
6234,552
6235,2969
6236,2708
6237,2938
6238,6808
6239,2285
6240,7407
6241,3797
6242,6674
6243,3329
6244,1666
6245,2241
6246,4121
6247,2138
6248,1913
6249,4746
6250,4496
6251,1857
6252,3445
6253,1216
6254,284
6255,4150
6256,1637
6257,1876
6258,4526
6259,1288
6260,5432
6261,2561
6262,4183
6263,2665
6264,1946
6265,802
6266,4829
6267,9342
6268,3623
6269,2274
6270,2007
6271,2680
6272,2252
6273,732
6274,2879
6275,2824
6276,-733
6277,4132
6278,2638
6279,3452
6280,2124
6281,1611
6282,3856
6283,1723
6284,1628
6285,3163
6286,652
6287,3104
6288,2186
6289,1441
6290,6556
6291,1887
6292,4539
6293,1122
6294,6501
6295,1917
6296,3029
6297,2840
6298,3678
6299,1998
6300,1981
6301,7670
6302,11
6303,454
6304,3618
6305,3724
6306,3235
6307,2892
6308,2845
6309,2682
6310,9402
6311,2907
6312,3093
6313,2370
6314,652
6315,1984
6316,3715
6317,3996
6318,3370
6319,2863
6320,5636
6321,2797
6322,2303
6323,2852
6324,3387
6325,3988
6326,3436
6327,626
6328,3123
6329,4254
6330,6738
6331,2443
6332,4843
6333,2725
6334,2116
6335,1863
6336,7399
6337,1590
6338,3740
6339,2692
6340,1293
6341,3667
6342,2283
6343,2977
6344,3472
6345,7535
6346,2676
6347,2192
6348,3169
6349,213
6350,2195
6351,2735
6352,60
6353,4286
6354,1121
6355,1679
6356,5059
6357,2507
6358,1462
6359,671
6360,4692
6361,4308
6362,4402
6363,1452
6364,3173
6365,2951
6366,1354
6367,2885
6368,5496
6369,4919
6370,2372
6371,2690
6372,3920
6373,2400
6374,3801
6375,2484
6376,2132
6377,2789
6378,6954
6379,4468
6380,4476
6381,4378
6382,3608
6383,1165
6384,4047
6385,5647
6386,2613
6387,486
6388,2024
6389,3063
6390,-485
6391,5046
6392,2885
6393,3920
6394,1274
6395,3371
6396,3434
6397,6520
6398,3098
6399,1482
6400,1904
6401,2635
6402,3012
6403,2935
6404,9123
6405,1888
6406,2860
6407,2882
6408,6338
6409,4931
6410,1811
6411,3331
6412,2619
6413,381
6414,1559
6415,1280
6416,2772
6417,2103
6418,4185
6419,5164
6420,4219
6421,1671
6422,6066
6423,3031
6424,2668
6425,1970
6426,1533
6427,4867
6428,4327
6429,1936
6430,1675
6431,2228
6432,2761
6433,2995
6434,5550
6435,5557
6436,6419
6437,2274
6438,278
6439,2506
6440,3915
6441,3669
6442,1571
6443,4131
6444,3064
6445,1763
6446,2085
6447,3390
6448,3492
6449,2783
6450,2993
6451,5784
6452,3419
6453,1390
6454,497
6455,821
6456,5629
6457,4114
6458,2236
6459,2869
6460,2343
6461,3133
6462,4944
6463,1457
6464,2015
6465,3647
6466,3442
6467,1724
6468,3837
6469,2458
6470,4266
6471,3871
6472,4123
6473,6618
6474,2986
6475,4155
6476,1538
6477,4713
6478,2035
6479,4599
6480,4201
6481,4137
6482,1605
6483,3045
6484,2460
6485,7910
6486,2368
6487,4293
6488,1
6489,2102
6490,4278
6491,6413
6492,2001
6493,3571
6494,4000
6495,805
6496,3957
6497,2728
6498,2784
6499,1523
6500,6134
6501,3335
6502,6085
6503,2590
6504,4971
6505,2130
6506,448
6507,4594
6508,3181
6509,850
6510,2329
6511,2819
6512,1583
6513,5114
6514,2784
6515,1159
6516,1351
6517,9147
6518,1596
6519,4942
6520,1324
6521,2530
6522,6587
6523,3005
6524,2675
6525,2502
6526,1911
6527,3698
6528,4530
6529,2166
6530,3218
6531,5438
6532,3358
6533,1878
6534,3251
6535,4312
6536,2619
6537,7301
6538,1305
6539,3759
6540,3418
6541,5242
6542,4743
6543,6300
6544,2048
6545,5145
6546,2497
6547,2665
6548,3950
6549,2365
6550,2768
6551,4889
6552,4024
6553,4782
6554,2980
6555,4204
6556,2797
6557,4337
6558,2188
6559,5806
6560,3613
6561,3901
6562,6338
6563,6107
6564,3829
6565,1847
6566,2415
6567,3438
6568,2773
6569,4092
6570,6296
6571,6884
6572,5644
6573,4555
6574,1518
6575,852
6576,3707
6577,2082
6578,4504
6579,4247
6580,3186
6581,3628
6582,2112
6583,4162
6584,1047
6585,5987
6586,1390
6587,3873
6588,789
6589,2090
6590,1239
6591,3260
6592,7880
6593,3329
6594,3094
6595,3766
6596,2136
6597,1562
6598,5371
6599,2743
6600,2196
6601,4603
6602,5301
6603,3197
6604,3228
6605,3589
6606,1521
6607,3712
6608,5272
6609,6403
6610,6369
6611,2786
6612,485
6613,5891
6614,2534
6615,1282
6616,3714
6617,4307
6618,1105
6619,5743
6620,3322
6621,1726
6622,3784
6623,8363
6624,1537
6625,1540
6626,2385
6627,2016
6628,2876
6629,7413
6630,474
6631,2767
6632,5619
6633,1829
6634,1013
6635,1002
6636,6459
6637,1578
6638,3936
6639,2965
6640,1447
6641,2087
6642,2488
6643,1136
6644,3596
6645,3552
6646,2882
6647,2516
6648,4564
6649,1954
6650,2819
6651,6291
6652,2794
6653,5508
6654,3913
6655,1293
6656,1845
6657,204
6658,2831
6659,1869
6660,3017
6661,1267
6662,3684
6663,3498
6664,5091
6665,6975
6666,2526
6667,3495
6668,1796
6669,4818
6670,2800
6671,3642
6672,2137
6673,3272
6674,2645
6675,9779
6676,2209
6677,1774
6678,3953
6679,2758
6680,4172
6681,3148
6682,3224
6683,2385
6684,1534
6685,2845
6686,1129
6687,2471
6688,2943
6689,3070
6690,1982
6691,2120
6692,5750
6693,6309
6694,3343
6695,2061
6696,1329
6697,2174
6698,2765
6699,5853
6700,1866
6701,2811
6702,3910
6703,7279
6704,4413
6705,8138
6706,1994
6707,3839
6708,223
6709,4039
6710,2622
6711,2395
6712,1151
6713,1942
6714,2651
6715,2268
6716,876
6717,4134
6718,3290
6719,3945
6720,2183
6721,4632
6722,7208
6723,1717
6724,3033
6725,2928
6726,4327
6727,3258
6728,2683
6729,7570
6730,2027
6731,2559
6732,841
6733,1758
6734,3823
6735,2781
6736,2613
6737,6245
6738,10627
6739,3340
6740,1950
6741,8032
6742,2653
6743,5392
6744,3562
6745,2642
6746,6840
6747,5221
6748,1675
6749,3198
6750,2651
6751,3272
6752,1275
6753,4348
6754,3810
6755,2678
6756,2530
6757,155
6758,2406
6759,1812
6760,5576
6761,2478
6762,4404
6763,1675
6764,1297
6765,460
6766,3424
6767,2242
6768,2526
6769,3681
6770,1693
6771,2476
6772,495
6773,2721
6774,2605
6775,6714
6776,3786
6777,-533
6778,2635
6779,4412
6780,1924
6781,5902
6782,4445
6783,3163
6784,1910
6785,3052
6786,2774
6787,3317
6788,2805
6789,705
6790,4637
6791,2266
6792,2425
6793,2467
6794,4102
6795,3717
6796,1416
6797,3885
6798,2574
6799,927
6800,3296
6801,3309
6802,4542
6803,4035
6804,3912
6805,3058
6806,1581
6807,4071
6808,4847
6809,3939
6810,5263
6811,2544
6812,1961
6813,1808
6814,2519
6815,3633
6816,2817
6817,2540
6818,2033
6819,1066
6820,3505
6821,5739
6822,2829
6823,3622
6824,1949
6825,4760
6826,2273
6827,3587
6828,7035
6829,2425
6830,2395
6831,1586
6832,2047
6833,2231
6834,668
6835,3916
6836,2353
6837,3556
6838,5585
6839,5548
6840,6122
6841,3959
6842,4411
6843,2049
6844,2486
6845,2247
6846,4660
6847,2077
6848,2560
6849,3482
6850,2454
6851,2264
6852,3064
6853,4276
6854,1936
6855,2981
6856,746
6857,2332
6858,4517
6859,1769
6860,4174
6861,4569
6862,4058
6863,2753
6864,2522
6865,4390
6866,5407
6867,2812
6868,1225
6869,6125
6870,2187
6871,5418
6872,7890
6873,3542
6874,2153
6875,8712
6876,5395
6877,4289
6878,4469
6879,1187
6880,1048
6881,2591
6882,1676
6883,3751
6884,4794
6885,2354
6886,4658
6887,2898
6888,3407
6889,2516
6890,2810
6891,4892
6892,1045
6893,2648
6894,2144
6895,2817
6896,2545
6897,-78
6898,1780
6899,1714
6900,3846
6901,2905
6902,1981
6903,1381
6904,1777
6905,6378
6906,2712
6907,3089
6908,6295
6909,3706
6910,2609
6911,1938
6912,2069
6913,2671
6914,2995
6915,3439
6916,381
6917,6892
6918,3411
6919,6684
6920,3933
6921,2798
6922,4348
6923,2063
6924,1995
6925,1794
6926,3445
6927,3040
6928,7381
6929,1140
6930,3701
6931,1379
6932,3634
6933,2586
6934,3536
6935,6259
6936,934
6937,1188
6938,5873
6939,1886
6940,379
6941,4413
6942,3377
6943,1673
6944,7121
6945,2038
6946,9337
6947,1738
6948,4928
6949,3008
6950,413
6951,7017
6952,2657
6953,1284
6954,7538
6955,753
6956,5524
6957,2791
6958,4043
6959,2656
6960,5043
6961,3658
6962,2735
6963,3699
6964,5618
6965,2094
6966,2591
6967,4988
6968,3277
6969,6400
6970,1906
6971,5290
6972,9376
6973,5789
6974,4773
6975,2868
6976,2180
6977,2819
6978,3002
6979,2833
6980,3907
6981,5319
6982,2923
6983,2173
6984,2023
6985,3073
6986,1287
6987,1426
6988,1880
6989,1479
6990,1718
6991,2823
6992,7258
6993,3103
6994,2503
6995,6392
6996,2737
6997,5335
6998,2310
6999,2247
7000,1938
7001,4202
7002,3036
7003,3792
7004,2127
7005,4235
7006,2415
7007,5265
7008,2182
7009,4953
7010,3912
7011,2975
7012,2959
7013,6633
7014,4305
7015,6374
7016,5136
7017,2948
7018,1064
7019,4548
7020,523
7021,2289
7022,4371
7023,3286
7024,6679
7025,2948
7026,6225
7027,785
7028,4751
7029,4593
7030,4978
7031,6078
7032,2848
7033,2561
7034,3845
7035,1795
7036,3683
7037,2486
7038,2616
7039,3706
7040,2585
7041,5183
7042,2193
7043,2798
7044,3749
7045,3198
7046,3457
7047,5110
7048,2901
7049,4886
7050,4908
7051,2125
7052,2572
7053,3540
7054,4260
7055,1161
7056,2613
7057,2527
7058,3889
7059,2501
7060,4714
7061,3208
7062,4096
7063,4052
7064,2977
7065,2026
7066,1084
7067,1909
7068,4084
7069,3452
7070,1913
7071,3460
7072,3606
7073,2353
7074,4949
7075,2202
7076,2433
7077,2758
7078,5359
7079,1284
7080,5140
7081,3623
7082,2143
7083,2760
7084,2438
7085,3532
7086,3145
7087,2177
7088,4108
7089,2531
7090,6875
7091,4134
7092,3256
7093,3910
7094,6904
7095,4001
7096,2383
7097,6124
7098,7557
7099,1272
7100,1894
7101,3657
7102,4229
7103,3503
7104,2596
7105,5349
7106,4905
7107,5662
7108,3538
7109,1865
7110,1295
7111,6294
7112,2800
7113,3203
7114,3383
7115,7290
7116,2795
7117,2534
7118,6656
7119,1164
7120,3542
7121,1969
7122,2460
7123,1315
7124,2485
7125,2284
7126,1809
7127,1119
7128,1649
7129,3884
7130,5602
7131,6069
7132,3170
7133,2608
7134,3714
7135,905
7136,2812
7137,1106
7138,2635
7139,2586
7140,2971
7141,436
7142,1343
7143,1730
7144,4200
7145,2545
7146,3748
7147,2105
7148,2514
7149,3300
7150,3337
7151,3986
7152,1943
7153,4955
7154,9075
7155,2133
7156,3624
7157,1871
7158,924
7159,3112
7160,15597
7161,1886
7162,100
7163,4181
7164,2463
7165,3251
7166,3275
7167,4562
7168,1941
7169,2621
7170,3663
7171,690
7172,7009
7173,1061
7174,1586
7175,4875
7176,3275
7177,973
7178,3486
7179,2793
7180,1879
7181,4456
7182,1935
7183,1920
7184,2136
7185,2200
7186,8493
7187,1972
7188,3811
7189,2882
7190,6214
7191,1912
7192,1474
7193,9763
7194,1822
7195,3638
7196,3143
7197,2968
7198,2557
7199,2825
7200,287
7201,5337
7202,3628
7203,3328
7204,6720
7205,7088
7206,3566
7207,2798
7208,3259
7209,2850
7210,1818
7211,4067
7212,2908
7213,1552
7214,2849
7215,2870
7216,1876
7217,3820
7218,2074
7219,1941
7220,2465
7221,2308
7222,3860
7223,2466
7224,2164
7225,1736
7226,3798
7227,1344
7228,3788
7229,4052
7230,3027
7231,2820
7232,823
7233,2222
7234,6178
7235,6295
7236,4068
7237,2688
7238,766
7239,3493
7240,3833
7241,4852
7242,2303
7243,3802
7244,8159
7245,2343
7246,2457
7247,12869
7248,7397
7249,1390
7250,1597
7251,2732
7252,3421
7253,2049
7254,1954
7255,2380
7256,2413
7257,2321
7258,1972
7259,4257
7260,1446
7261,3161
7262,2502
7263,1674
7264,2986
7265,1075
7266,3711
7267,925
7268,2336
7269,4165
7270,3488
7271,3917
7272,1553
7273,4537
7274,3264
7275,5004
7276,1596
7277,6667
7278,3217
7279,-108
7280,2932
7281,1943
7282,5105
7283,3350
7284,7484
7285,2238
7286,7587
7287,5774
7288,3606
7289,5152
7290,3756
7291,2995
7292,4538
7293,3038
7294,4462
7295,4177
7296,2837
7297,2119
7298,5880
7299,3050
7300,6548
7301,3460
7302,2792
7303,4080
7304,3935
7305,2595
7306,4982
7307,1904
7308,3785
7309,6149
7310,1748
7311,4132
7312,1334
7313,3679
7314,2208
7315,4542
7316,2266
7317,2794
7318,1714
7319,2613
7320,2331
7321,2961
7322,5057
7323,5013
7324,3481
7325,3620
7326,2904
7327,2303
7328,3498
7329,1643
7330,5814
7331,7940
7332,2668
7333,3482
7334,194
7335,2029
7336,1981
7337,2628
7338,3445
7339,6904
7340,172
7341,1881
7342,3222
7343,5172
7344,2658
7345,2250
7346,4165
7347,1558
7348,3473
7349,1074
7350,1870
7351,7159
7352,4423
7353,1662
7354,2718
7355,5947
7356,2828
7357,5267
7358,2982
7359,2855
7360,2381
7361,4338
7362,4614
7363,3622
7364,7968
7365,5236
7366,1922
7367,3156
7368,3115
7369,1304
7370,4257
7371,6131
7372,3102
7373,1916
7374,3473
7375,9530
7376,2266
7377,957
7378,3008
7379,1435
7380,3024
7381,4137
7382,5410
7383,4032
7384,595
7385,3878
7386,6925
7387,3249
7388,6501
7389,2921
7390,2305
7391,2675
7392,2082
7393,1429
7394,6707
7395,6344
7396,1870
7397,1488
7398,5989
7399,6631
7400,6159
7401,2339
7402,8803
7403,2048
7404,4044
7405,4967
7406,14641
7407,2236
7408,3299
7409,2160
7410,4370
7411,1836
7412,3365
7413,5591
7414,2360
7415,1796
7416,5077
7417,4524
7418,3740
7419,1577
7420,1331
7421,6317
7422,1719
7423,3269
7424,3256
7425,8183
7426,3063
7427,1866
7428,662
7429,3216
7430,6220
7431,4029
7432,1816
7433,6866
7434,2953
7435,2977
7436,1985
7437,4411
7438,1852
7439,3331
7440,4272
7441,7894
7442,4949
7443,2944
7444,2600
7445,3310
7446,2153
7447,2166
7448,3440
7449,2791
7450,3765
7451,2349
7452,6973
7453,2955
7454,5211
7455,3375
7456,1338
7457,2991
7458,4031
7459,2280
7460,1630
7461,4373
7462,4208
7463,4374
7464,2995
7465,2338
7466,774
7467,828
7468,4009
7469,1250
7470,12210
7471,3202
7472,1047
7473,2815
7474,4080
7475,4066
7476,2823
7477,3792
7478,5440
7479,3083
7480,1194
7481,1760
7482,5460
7483,3284
7484,2549
7485,5356
7486,2754
7487,2415
7488,1870
7489,1360
7490,2393
7491,2676
7492,2659
7493,4411
7494,4068
7495,3484
7496,8291
7497,1931
7498,1997
7499,1855
7500,5444
7501,1507
7502,4495
7503,3009
7504,3770
7505,1660
7506,4624
7507,6398
7508,4853
7509,4746
7510,5537
7511,5402
7512,2275
7513,3517
7514,1754
7515,1447
7516,1970
7517,3823
7518,7126
7519,3265
7520,2393
7521,3137
7522,2103
7523,5014
7524,5315
7525,2121
7526,7239
7527,1425
7528,4164
7529,3264
7530,1381
7531,3774
7532,8465
7533,2108
7534,4077
7535,2433
7536,3641
7537,6770
7538,1989
7539,6053
7540,5911
7541,2638
7542,4604
7543,4030
7544,6886
7545,1491
7546,4141
7547,2233
7548,5038
7549,2614
7550,1671
7551,5514
7552,1399
7553,2162
7554,2976
7555,3873
7556,3564
7557,2392
7558,1800
7559,2513
7560,2293
7561,2963
7562,2344
7563,3861
7564,4116
7565,1828
7566,4029
7567,1860
7568,1444
7569,6973
7570,4545
7571,6973
7572,1831
7573,3843
7574,4386
7575,3747
7576,978
7577,2925
7578,1303
7579,5654
7580,3321
7581,1243
7582,2605
7583,1488
7584,2842
7585,1460
7586,2699
7587,4214
7588,6737
7589,2722
7590,3810
7591,2191
7592,2541
7593,6848
7594,4625
7595,1364
7596,2263
7597,6529
7598,5452
7599,2115
7600,3820
7601,2853
7602,2479
7603,2948
7604,8762
7605,5998
7606,5383
7607,5883
7608,6767
7609,5971
7610,1037
7611,3050
7612,4272
7613,2090
7614,3164
7615,2177
7616,1595
7617,4324
7618,4194
7619,3281
7620,3767
7621,1819
7622,949
7623,3929
7624,4126
7625,5371
7626,4152
7627,3172
7628,3488
7629,1240
7630,3659
7631,5456
7632,2005
7633,2527
7634,163
7635,1493
7636,8162
7637,7347
7638,3201
7639,2683
7640,2329
7641,3490
7642,2464
